"name","primary_r","secondary_r"
"Hkharsh MangatIER","KRXMNKTR","KRXMNKTR"
"Natalie JtsacksonNGH","NTLTSKSNK","NTLTSKSNK"
"Widisha BrahmbhattNGH","ATXPRMPTNK","FTXPRMPTNK"
"Anthony Laghta","AN0NLKT","ANTNLKT"
"Chthristopher GlennNG","K0RSTFRKLNNK","KTRSTFRKLNNK"
"Dr. Martha Mthartin","TRMRTM0RTN","TRMRTMTRTN"
"Anthony Penningbhton","AN0NPNNKPTN","ANTNPNNKPTN"
"Sambhaksh Mohanty","SMPKXMHNT","SMPKXMHNT"
"David Bebhll","TFTPPL","TFTPPL"
"Alicia Martinez","ALSMRTNS","ALXMRTNS"
"Andrew DanielsNG","ANTRTNLSNK","ANTRTNLSNK"
"Vinaya KaleIER","FNKLR","FNKLR"
"Lichla Dugal","LXLTKL","LKLTKL"
"Sai Dhphingra","STFNKR","STFNKR"
"Gavin Mendez","KFNMNTS","KFNMNTS"
"Anschna Wright","ANXNRT","ANXNRT"
"Krichsh Hegde","KRKXKT","KRKXKT"
"Timothy HunczterEAU","TM0HNSTR","TMTHNXTR"
"Richard Ward","RXRTRT","RKRTRT"
"Regina Maldonado","RJNMLTNT","RKNMLTNT"
"Vasatika Mankhder","FSTKMNKTR","FSTKMNKTR"
"Benjajhmin PetersonEUX","PNJJMNPTRSNKS","PNJJMNPTRSNKS"
"Shivani Mittztal","XFNMTSTL","XFNMTSTL"
"Patrick Barnes","PTRKPRNS","PTRKPRNS"
"Amanda Rogers","AMNTRKRS","AMNTRJRS"
"Rayaan Viswandhathan","RNFSNT0N","RNFSNTTN"
"Tiffawitzny Graham DVM","TFTSNKRHMTFM","TFFXNKRHMTFM"
"Rajeshri SethiEAU","RJXRS0","RJXRST"
"Jessica Aguirre","JSKKR","ASKKR"
"Ikshita MightraNGH","AKXTMTRNK","AKXTMTRNK"
"Jbhessica HuffmanEUX","JPSKHFMNKS","APSKHFMNKS"
"Vinthcent Apte","FN0SNTPT","FNTSNTPT"
"Ekta ToorNGH","AKTTRNK","AKTTRNK"
"Janya Braczhmbhatt","JNPRSMPT","ANPRXMPT"
"Hardik Nagi","HRTKNJ","HRTKNK"
"Tjhanish NarayanEAU","TJNXNRN","TJNXNRN"
"Deepa Prashad","TPPRXT","TPPRXT"
"Petjher Hudson","PTJRTSN","PTJRTSN"
"Gavin Ramesh","KFNRMX","KFNRMX"
"Prisha Nori","PRXNR","PRXNR"
"Viraj ShettyNGH","FRXTNK","FRXTNK"
"Ruth ButlerNG","R0PTLRNK","RTPTLRNK"
"Richard Jones","RXRTJNS","RKRTJNS"
"Donna CghlarkNG","TNKLRKNK","TNKLRKNK"
"Radhika DeyEAU","RTKT","RTKT"
"Anita Najhik","ANTNJK","ANTNJK"
"Chamekhli Mani","XMKLMN","XMKLMN"
"Iphdika Dalal","AFTKTLL","AFTKTLL"
"Viddhhi Mitra","FTMTR","FTMTR"
"Dalaja Dykhal","TLJTKL","TLJTKL"
"Rajeshri VartyIER","RJXRFRT","RJXRFRTR"
"Wriddhish Bphala","RTXPFL","RTXPFL"
"Matthew Sengupta","M0SNKPT","MTSNKPT"
"Eric Robinson","ARKRPNSN","ARKRPNSN"
"Janya Hayer","JNHR","ANHR"
"Aarush Ravel","ARXRFL","ARXRFL"
"Ekhdward CampbellEUX","AKTRTKMPLKS","AKTRTKMPLKS"
"Chajhrita WallaNG","XJRTLNK","XJRTLNK"
"Jennithfer Fisher","JN0FRFXR","ANTFRFXR"
"Ekarchaj Walla","AKRXJL","AKRKJL"
"Herbert Taylor","HRPRTLR","HRPRTLR"
"Sathvik RastczogiIER","S0FKRSTSJR","STFKRSTXKR"
"Debra Robinson","TPRRPNSN","TPRRPNSN"
"Wriddhish Dubchey","RTXTPX","RTXTPK"
"Baljiwan Mutti","PLNMT","PLNMT"
"James Carrillo","JMSKRLL","AMSKRL"
"Michatzel Oconnor","MXTSLKNR","MKTSLKNR"
"Juan WilliamsEUX","JNLMSKS","ANLMSKS"
"Joshua Stephenson","JXSTFNSN","AXSTFNSN"
"Jonathan HphalderEUX","JN0NFLTRKS","ANTNFLTRKS"
"Gphauri Warrior","KFRRR","KFRRR"
"Heather Johthnson","H0RJ0NSN","HTRJTNSN"
"Htzarrison Thaker","TSRSN0KR","TSRSNTKR"
"Mawitzhika Bir","MTSKPR","MFXKPR"
"Dr. Renee Gonzales PhD","TRNKNSLSFT","TRNKNSLSFT"
"Eesphha Suresh","ASFSRX","ASFSRX"
"Brittany Carter","PRTNKRTR","PRTNKRTR"
"Tanmayi BhallaNGH","TNMPLNK","TNMPLNK"
"Ishita Gandhi","AXTKNT","AXTKNT"
"Yashvi Tak","AXFTK","AXFTK"
"Andrew Kalita","ANTRKLT","ANTRKLT"
"Ltzinda LeeIER","LTSNTL","LTSNTLR"
"Avjhni Kala","AFJNKL","AFJNKL"
"Upkaar ChadhaEUX","APKRXTKS","APKRKTKS"
"William Hernandez","ALMRNNTS","FLMRNNTTS"
"Girindra MandaEAU","JRNTRMNT","KRNTRMNT"
"Zansi Sandal","SNSSNTL","SNSSNTL"
"Gautami MalhotraEAU","KTMMLTR","KTMMLTR"
"Frances PwitzatelEUX","FRNSSPTSTLKS","FRNSSPFXTLKS"
"Amy Miller","AMMLR","AMMLR"
"Wishi MoreEAU","AXMR","FXMR"
"Amanda Lee","AMNTL","AMNTL"
"Michael Gray DDS","MKLKRTS","MXLKRTS"
"Nicholas Blake","NXLSPLK","NKLSPLK"
"Kavya DattaEUX","KFTTKS","KFTTKS"
"James Richardson","JMSRXRTSN","AMSRKRTSN"
"Vivaan GollaEUX","FFNKLKS","FFNKLKS"
"Rebecca King","RPKKNK","RPKKNK"
"Inaya Bachsu","ANPKS","ANPKS"
"Falguni Gaba","FLKNKP","FLKNKP"
"Dawn HartNGH","TNRTNK","TNRTNK"
"Mario ClarkNG","MRKLRKNK","MRKLRKNK"
"Victor KumerEUX","FKTRKMRKS","FKTRKMRKS"
"Anitzta Nori","ANTSTNR","ANTSTNR"
"Amruta Thakkar","AMRT0KR","AMRTTKR"
"Jagat Apte","JKTPT","AKTPT"
"Maureen DavisIER","MRNTFS","MRNTFSR"
"Bimala Sinschghal","PMLSNXKL","PMLSNXKL"
"Thomas Medina","TMSMTN","TMSMTN"
"Kghritika Bawa","KKRTKP","KKRTKP"
"Adweta ZachariahIER","ATTSKRHR","ATTTSKRHR"
"Jasmit Khosla","JSMTKSL","ASMTKSL"
"Onvscheer Arya","ANFXRR","ANFXRR"
"Bhdhavna Gaba","PTFNKP","PTFNKP"
"David WatsonIER","TFTTSNR","TFTTSNR"
"Ariana Vargas","ARNFRKS","ARNFRKS"
"Robert Schroeder","RPRTXRTR","RPRTXRTR"
"Rehaan Kurian","RHNKRN","RHNKRN"
"Dev Bir","TFPR","TFPR"
"Melissa BradfordIER","MLSPRTFRT","MLSPRTFRTR"
"Davchid Perez","TFXTPRS","TFKTPRS"
"Garima Deol","KRMTL","KRMTL"
"Ikbal SektzhonNG","AKPLSKTJNK","AKPLSKTJNK"
"Mr. Brian Garcia","MRPRNKRS","MRPRNKRX"
"Amol Radhabhkrishnan","AMLRTPKRXNN","AMLRTPKRXNN"
"Zarna ChaudtsharyIER","SRNKTXR","SRNKTXRR"
"Kritika Deshpande","KRTKTXPNT","KRTKTXPNT"
"Ekta Mody","AKTMT","AKTMT"
"Justin Morales Jr.EAU","JSTNMRLSR","ASTNMRLSR"
"Nikita Lal","NKTLL","NKTLL"
"Ellen Lambert DDSNG","ALNLMPRTTSNK","ALNLMPRTTSNK"
"Chaitanya Chschaudhary","XTNKXTR","XTNKXTR"
"James LamEUX","JMSLMKS","AMSLMKS"
"Kjhatie Thornton","KT0RNTN","KTTRNTN"
"Irya Sekhbhon","ARSKPN","ARSKPN"
"Anna Arnold","ANRNLT","ANRNLT"
"Nbhathaniel UpadhyayEUX","NP0NLPTKS","NPTNLPTKS"
"Justin Myers","JSTNMRS","ASTNMRS"
"Travis Davis","TRFSTFS","TRFSTFS"
"Patrick DelacghruzNG","PTRKTLKRSNK","PTRKTLKRTSNK"
"Advik Oza","ATFKS","ATFKTS"
"Blajhke King","PLJKKNK","PLJKKNK"
"Bobby BautherNG","PPP0RNK","PPPTRNK"
"Baghyawajhti RegeNG","PJTRJNK","PJTRKNK"
"Janya Dewan","JNTN","ANTN"
"Keith Serrano","K0SRN","KTSRN"
"Yuvraj BaghliNGH","AFRPLNK","AFRPLNK"
"Jwitzeevika ParekhEUX","JTSFKPRKKS","AFXFKPRKKS"
"Girish Naghdig","JRXNTK","KRXNTK"
"Charles Krishna","XRLSKRXN","XRLSKRXN"
"Ekantika Chacko","AKNTKKK","AKNTKKK"
"Tiffany Franco","TFNFRNK","TFNFRNK"
"Advay Singh","ATFSNK","ATFSNK"
"Wanda Potter","ANTPTR","FNTPTR"
"Kimberly GrimesIER","KMPRLKRMSR","KMPRLKRMSR"
"Ekavir Saraf","AKFRSRF","AKFRSRF"
"Peter BansalIER","PTRPNSL","PTRPNSLR"
"Justin Contreras","JSTNKNTRRS","ASTNKNTRRS"
"Christopher CarterEUX","KRSTFRKRTRKS","KRSTFRKRTRKS"
"Chandresh Devan","XNTRXTFN","XNTRXTFN"
"Mitali WallaNG","MTLLNK","MTLLNK"
"Wendy Alvarez","ANTLFRS","FNTLFRTS"
"Sara Williamson","SRLMSN","SRLMSN"
"Rwitzonald Anderson","RTSNLTNTRSN","RFXNLTNTRSN"
"Vedhika Lkhalla","FTKLKL","FTKLKL"
"Toni Young","TNNK","TNNK"
"Wakeeta Balasubramanian","AKTPLSPRMNN","FKTPLSPRMNN"
"Fjhaqid Seshadri","FJKTSXTR","FJKTSXTR"
"Courtney Andedhrson","KRTNNTTRSN","KRTNNTTRSN"
"Yug Virk","AKFRK","AKFRK"
"Chanchal Bophbal","XNXLPFPL","XNKLPFPL"
"Angela Smith","ANJLSM0","ANKLSMT"
"Edhitha ManiNG","ATTMNNK","ATTMNNK"
"Gagan Samra","KKNSMR","KKNSMR"
"Bakhshi Merchant","PKXMRXNT","PKXMRKNT"
"Abhyush Chadha","APXXT","APXKT"
"Raymond SwansonIER","RMNTSNSNR","RMNTSNSNR"
"Pawitznini Deep","PTSNNTP","PFXNNTP"
"Manthan Kaul","MN0NKL","MNTNKL"
"Dayita Pandya","TTPNT","TTPNT"
"Austin Page","ASTNPJ","ASTNPK"
"Utkarsh Naczth","ATKRXNS0","ATKRXNXT"
"Tanvi Karan","TNFKRN","TNFKRN"
"Sdhamuel Modi","STMLMT","STMLMT"
"Ayush Dyal","AXTL","AXTL"
"Vrinda Loyal","FRNTLL","FRNTLL"
"Urmi Sinha","ARMSN","ARMSN"
"Michael Gordon","MKLKRTN","MXLKRTN"
"Omya Hegde","AMHKT","AMHKT"
"Sakhnaya SundaramEUX","SKNSNTRMKS","SKNSNTRMKS"
"Mohini Chandran","MHNXNTRN","MHNKNTRN"
"Craig Mckenzie","KRKMKNS","KRKMKNTS"
"Faraj Hora","FRJR","FRJR"
"Logan Madan","LKNMTN","LKNMTN"
"Faraj Lathll","FRL0L","FRLTL"
"Gregg Walsh","KRKLX","KRKLX"
"Frado Wable","FRTPL","FRTPL"
"Sai Tailor","STLR","STLR"
"Megan SmschithEUX","MKNSMX0KS","MKNSMXTKS"
"Valerie MatthewsEUX","FLRM0SKS","FLRMTSKS"
"Balvan Dugal","PLFNTKL","PLFNTKL"
"Fitdhan Pathak","FTNP0K","FTNPTK"
"Dr. Kathleen Williams DVM","TRK0LNLMSTFM","TRKTLNLMSTFM"
"Dylan Robechrts","TLNRPKRTS","TLNRPKRTS"
"Ekanta Paphrsa","AKNTPFRS","AKNTPFRS"
"Yug Krishnwitzan","AKKRXNTSN","AKKRXNFXN"
"Sara ChedhemaNGH","SRXTMNK","SRKTMNK"
"Xavjhier Hegde","SFJRKT","SFJRKT"
"Joseph BrownIER","JSFPRNR","HSFPRNR"
"Angela Carczey","ANJLKRS","ANKLKRX"
"Varenya Thaman","FRNTMN","FRNTMN"
"Gloria Bailey","KLRPL","KLRPL"
"Daniel Dickerson","TNLTKRSN","TNLTKRSN"
"Pavani NarulaEUX","PFNNRLKS","PFNNRLKS"
"Marisa Hernandez","MRSHRNNTS","MRSHRNNTS"
"Bratsdy Riley","PRTSTRL","PRTSTRL"
"Nicole Washington","NKLXNKTN","NKLXNKTN"
"Randall Osborne Jr.","RNTLSPRNJR","RNTLSPRNJR"
"Hunter Anderson","HNTRNTRSN","HNTRNTRSN"
"Chchasmum SwamyEUX","XXSMMSMKS","XKSMMSMKS"
"Diya Mallick","TMLK","TMLK"
"Gautphami SaniNGH","KTFMSNNK","KTFMSNNK"
"Johnny ThompsonIER","JNTMPSN","ANTMPSNR"
"Holly Andethrson","HLNT0RSN","HLNTTRSN"
"Naghksh Palla","NKXPL","NKXPL"
"Edhitha Pandghit","AT0PNTKT","ATTPNTKT"
"Isaiah Kurian","ASKRN","ASKRN"
"Rajeshri Bhardwghaj","RJXRPRTKJ","RJXRPRTK"
"Bhavini Lal","PFNLL","PFNLL"
"Jackthie Parks","JK0PRKS","AKTPRKS"
"Leena SachdevNG","LNSKTFNK","LNSKTFNK"
"Lighsa LarsonEUX","LSLRSNKS","LSLRSNKS"
"Unni Latsta","ANLTST","ANLTST"
"Juan Wright","JNRT","ANRT"
"Tajhnveer Sarkar","TJNFRSRKR","TJNFRSRKR"
"Rubhdra SemNG","RPTRSMNK","RPTRSMNK"
"Nathan Cltsark","N0NKLTSRK","NTNKLTSRK"
"Jessica Davila","JSKTFL","ASKTFL"
"Anthony Yoder","AN0NTR","ANTNTR"
"Vrishti Savant","FRXTSFNT","FRXTSFNT"
"Upasna ChaudharyIER","APSNKTR","APSNKTRR"
"Jonathan Horton","JN0NRTN","ANTNRTN"
"Fitan Kala","FTNKL","FTNKL"
"Kenneth Ttserry","KN0TSR","KNTTSR"
"Kimberly Johnson","KMPRLJNSN","KMPRLJNSN"
"Cheryl PhillipsIER","XRLFLPS","XRLFLPSR"
"Dominique Ramirez","TMNKRMRS","TMNKRMRS"
"Alexandra Aviczla","ALKSNTRFSL","ALKSNTRFXL"
"Ati Srinivasan","ATSRNFSN","ATSRNFSN"
"Krishna MallEUX","KRXNMLKS","KRXNMLKS"
"Azaan GrewalEUX","ASNKRLKS","ATSNKRLKS"
"Qasim WagleEUX","KSMKLKS","KSMKLKS"
"Dtzonald West","TSNLTST","TSNLTST"
"Tschara Gala","TXRKL","TXRKL"
"Gregory Barajas","KRKRPRJS","KRKRPRHS"
"Darpan Sphodhi","TRPNSFT","TRPNSFT"
"Harshil Tailor","HRXLTLR","HRXLTLR"
"Dr. Phillip Hamilton","TRFLFMLTN","TRFLFMLTN"
"Yug Bansal","AKPNSL","AKPNSL"
"Jacob Dubey","JKPTP","AKPTP"
"Chatura Chadha","XTRKT","XTRKT"
"Susan ColeEAU","SSNKL","SSNKL"
"Mphanbir Hayer","MFNPRR","MFNPRR"
"Urwitzvi PillaiNG","ARTSFPLNK","ARFXFPLNK"
"Julia Sullivan","JLSLFN","ALSLFN"
"Jephssica BairdNGH","JFSKPRTNK","AFSKPRTNK"
"Urkhvi Sule","ARKFSL","ARKFSL"
"Mikhtesh JayaramanEAU","MKTXJRMN","MKTXJRMN"
"Shannon McphersonEAU","XNNMKFRSN","XNNMKFRSN"
"Vrinda Rama","FRNTRM","FRNTRM"
"Vaishnavi GhoshNG","FXNFXNK","FXNFXNK"
"Bchrett Carpenter","PXRTKRPNTR","PKRTKRPNTR"
"Gjhavin BhallaNG","KJFNPLNK","KJFNPLNK"
"Darika ManderIER","TRKMNTRR","TRKMNTRR"
"Quincy CchhakrabortyNG","KNSXKRPRTNK","KNSXKRPRTNK"
"Girish Sachdev","JRXSKTF","KRXSKTF"
"Carrie BridgesEAU","KRPRJS","KRPRJS"
"Zayyan Malhotra","SNMLTR","SNMLTR"
"Aarini De","ARNT","ARNT"
"Forum ChadhaNGH","FRMXTNK","FRMKTNK"
"Caleb ZachariahEAU","KLPSKRH","KLPSKRH"
"Jeremy Yates","JRMTS","ARMTS"
"Bhavani Baschtta","PFNPXT","PFNPXT"
"Meghana DhwitzillonNG","MNTTSLNK","MNTFXLNK"
"Kabir Bhat","KPRPT","KPRPT"
"Chertzyl Singh","XRTSLSNK","XRTSLSNK"
"Yashoda ChauhanNG","AXTKHNK","AXTKHNK"
"Jagdish Rastoschgi","JKTXRSTXJ","AKTXRSTXK"
"Yashodhara HalderNGH","AXTRHLTRNK","AXTRHLTRNK"
"Anya KrchishEAU","ANKRXX","ANKRKX"
"Lisa Fitstzgerald","LSFTSTSKRLT","LSFTSTSJRLT"
"Vrishti Dtsada","FRXTTST","FRXTTST"
"Vaishnavi Mangal","FXNFMNKL","FXNFMNKL"
"Kelly AndersonNG","KLNTRSNK","KLNTRSNK"
"Raghav Upjhpal","RFPJPL","RFPJPL"
"Ridhi Goyal","RTKL","RTKL"
"Dekhbra JohnsonIER","TKPRJNSNR","TKPRJNSNR"
"Kkhevin SandersEUX","KFNSNTRSKS","KFNSNTRSKS"
"Aashi Thakphur","AX0KFR","AXTKFR"
"Edhmily Salazar","ATMLSLSR","ATMLSLSR"
"Larry Martinez","LRMRTNS","LRMRTNS"
"Dhriti Kundhda","TRTKNTT","TRTKNTT"
"Qadim Mani","KTMN","KTMN"
"Dawn Vargas","TNFRKS","TNFRKS"
"Bhanumati Dora","PNMTTR","PNMTTR"
"Dev Tara","TFTR","TFTR"
"Brinda Balay","PRNTPL","PRNTPL"
"Hannah ButlerEAU","HNPTLR","HNPTLR"
"Anmol Srivastava","ANMLSRFSTF","ANMLSRFSTF"
"Donna Young","TNNK","TNNK"
"Aachal Agrawal","AXLKRL","AKLKRL"
"Awitzishani WallaIER","ATSXNLR","AFXXNLR"
"Farchaj Tella","FRXTL","FRKTL"
"Melanie CareyNGH","MLNKRNK","MLNKRNK"
"Gaurika Agate","KRKKT","KRKKT"
"Qabil Jaggi","KPLJ","KPLK"
"Ekavir ManderEUX","AKFRMNTRKS","AKFRMNTRKS"
"Varsha Vajhrty","FRXFJRT","FRXFJRT"
"Brandon GloverEAU","PRNTNKLFR","PRNTNKLFR"
"Anika Dhjhar","ANKTJR","ANKTJR"
"Balendra SamraEAU","PLNTRSMR","PLNTRSMR"
"Jeffery White","JFRT","AFRT"
"Ashley Kelghly","AXLKLKL","AXLKLKL"
"Todd BrownIER","TTPRNR","TTPRNR"
"Lohit Patla","LHTPTL","LHTPTL"
"Tara Ramesh","TRRMX","TRRMX"
"Fchaqid Banik","FXKTPNK","FKKTPNK"
"Jack Mokhdy","JKMKT","AKMKT"
"Julie Stevens","JLSTFNS","ALSTFNS"
"Wachrjas BhardwajEAU","AKRJSPRTJ","FKRJSPRTJ"
"Janya Kapur","JNKPR","ANKPR"
"Marbhia Reed","MRPRT","MRPRT"
"Richard Alliswitzon","RXRTLSTSN","RKRTLSFXN"
"Monica Lopbhez","MNKLPS","MNKLPS"
"Aahana Roy","AHNR","AHNR"
"Dayamai Issac","TMSK","TMSK"
"Benjamin DeyIER","PNJMNT","PNJMNTR"
"Rtzobert SwaminathanNG","RTSPRTSMN0NK","RTSPRTSMNTNK"
"Michael Williams MDIER","MKLLMSMTR","MXLLMSMTR"
"Raagini Varughese","RJNFRKS","RKNFRKS"
"Kashvi Ktsaur","KXFKTSR","KXFKTSR"
"Vaishnavi Nayak","FXNFNK","FXNFNK"
"Reyansh AhljhuwaliaEAU","RNXLL","RNXLL"
"Lakshit Gaba","LKXTKP","LKXTKP"
"Isaac Pai","ASKP","ASKP"
"Umang DewanEUX","AMNKTNKS","AMNKTNKS"
"Garima BhattacharyyaIER","KRMPTKR","KRMPTKRR"
"Jennifer Daniels","JNFRTNLS","ANFRTNLS"
"Aishani KotztaNGH","AXNKTSTNK","AXNKTSTNK"
"Sanya Bora","SNPR","SNPR"
"Dr. Jennifer Hunphter MD","TRJNFRNFTRMT","TRJNFRNFTRMT"
"Oviya Mani","AFMN","AFMN"
"Gaurav Mchandal","KRFMXNTL","KRFMKNTL"
"Abhimanyu Nadig","APMNNTK","APMNNTK"
"Samar D’Alia","SMRTL","SMRTL"
"Ekanta Bhargava","AKNTPRKF","AKNTPRKF"
"Rudra DubeEAU","RTRTP","RTRTP"
"Mitali Bala","MTLPL","MTLPL"
"Tanmayi Sahni","TNMSN","TNMSN"
"Upma Sha","APMX","APMX"
"Nathaniel Thakkhkar","N0NL0KKR","NTNLTKKR"
"Balendra ChaudhryNG","PLNTRKTRNK","PLNTRKTRNK"
"Leena Menthon","LNMN0N","LNMNTN"
"Brittany CarlsonNGH","PRTNKRLSNK","PRTNKRLSNK"
"Brenda Vaughn","PRNTFKN","PRNTFKN"
"Jasmczit Reddy","JSMSTRT","ASMXTRT"
"Margaret Cobb","MRKRTKP","MRKRTKP"
"Anthokhny FlemingEAU","AN0KNFLMNJ","ANTKNFLMNK"
"Upadhriti Dalal","APTRTTLL","APTRTTLL"
"Owen AgarwalNG","ANKRLNK","ANKRLNK"
"Dachksh Memon","TKKXMMN","TKKXMMN"
"Shewitzrri Sanchez","XTSRSNXS","XFXRSNKTS"
"Shivani Subramanian","XFNSPRMNN","XFNSPRMNN"
"Eric Spencer","ARKSPNSR","ARKSPNSR"
"Vrishti Gandhi","FRXTKNT","FRXTKNT"
"Melischsa Lopez","MLXSLPS","MLXSLPS"
"Alethxander Johnson","AL0KSNTRJNSN","ALTKSNTRJNSN"
"Lisa Meza","LSMS","LSMS"
"Gautami Loyal","KTMLL","KTMLL"
"Shaurczya Toor","XRSTR","XRXTR"
"Hardik OmNG","HRTKMNK","HRTKMNK"
"David BalayEUX","TFTPLKS","TFTPLKS"
"Samar SemNGH","SMRSMNK","SMRSMNK"
"Urishilla Narang","ARXLNRNK","ARXLNRNK"
"Warinder NagarajanIER","ARNTRNKRJNR","FRNTRNKRJNR"
"Netra Chana","NTRKN","NTRKN"
"Jenny Taylor","JNTLR","ANTLR"
"Libni Kschala","LPNKXL","LPNKXL"
"Mr. Travis Reed","MRTRFSRT","MRTRFSRT"
"Pthushti Borah","P0XTPR","PTXTPR"
"Mallory Taylor","MLRTLR","MLRTLR"
"Brczian HawkinsNG","PRSNKNSNK","PRXNKNSNK"
"Tiffany Scott","TFNSKT","TFNSKT"
"John Jacobs","JNJKPS","ANJKPS"
"Rebecghca Dalton","RPKKTLTN","RPKKTLTN"
"Jordan Jackson","JRTNJKSN","ARTNJKSN"
"Raksha Sharma","RKXXRM","RKXXRM"
"Hiral Sood","HRLST","HRLST"
"Mphelissa Thomas","MFLSTMS","MFLSTMS"
"Kenneth Mcpherson","KN0MKFRSN","KNTMKFRSN"
"Mekhala Shah","MKLX","MKLX"
"Brischttany Jackson","PRXTNJKSN","PRXTNJKSN"
"Anthony Bandi","AN0NPNT","ANTNPNT"
"Chakradev Khanna","XKRTFKN","XKRTFKN"
"Michael Armstrong DDS","MKLRMSTRNKTS","MXLRMSTRNKTS"
"Kamala Sothman","KMLS0MN","KMLSTMN"
"Brandon Barghron","PRNTNPRKRN","PRNTNPRKRN"
"David Scott","TFTSKT","TFTSKT"
"Farkhis Jha","FRKS","FRKS"
"Tamanna Nadkkharni","TMNNTKRN","TMNNTKRN"
"Indali Banik","ANTLPNK","ANTLPNK"
"Karan Mishra","KRNMXR","KRNMXR"
"Randy Edwbhards","RNTTPRTS","RNTTPRTS"
"Mekhala Ctshar","MKLKTXR","MKLKTXR"
"Yashasvi Kanchda","AXSFKNXT","AXSFKNKT"
"Damyanti GourNGH","TMNTKRNK","TMNTKRNK"
"Gopal ReddyNG","KPLRTNK","KPLRTNK"
"Yagnesh Agate","ANXKT","AKNXKT"
"Anthony Gandhi","AN0NKNT","ANTNKNT"
"Vedant Dethvi","FTNT0F","FTNTTF"
"Adam Marcztinez","ATMRSTNS","ATMRXTNTS"
"Wendy WilliamsEAU","ANTLMS","FNTLMS"
"Angela Moore","ANJLMR","ANKLMR"
"Rachita Ajhrora","RXTJRR","RKTJRR"
"James Bowman","JMSPMN","AMSPMN"
"Amanda Moore","AMNTMR","AMNTMR"
"Kevin Sule","KFNSL","KFNSL"
"Aayush Bhasin","AXPSN","AXPSN"
"Brijesh Badwitzami","PRJXPTTSM","PRJXPTFXM"
"Vasutzdha Doctor","FSTSTTKTR","FSTSTTKTR"
"Jhalak Atsrora","JLKTSRR","ALKTSRR"
"Brandy Garcia","PRNTKRS","PRNTKRX"
"Warda Tella","ARTTL","FRTTL"
"Jacob Peterstson","JKPPTRSTSN","AKPPTRSTSN"
"Niczkita Handa","NSKTHNT","NXKTHNT"
"Ria BhatiaEAU","RPX","RPX"
"Diya Shbharaf","TXPRF","TXPRF"
"Tejas Sarin","TJSRN","THSRN"
"Samuel Pall","SMLPL","SMLPL"
"Max Kar","MKSKR","MKSKR"
"Krczistopher Huerta","KRSSTFRRT","KRXSTFRRT"
"Yahvi Kalla","AFKL","AFKL"
"Ishita GabaNG","AXTKPNK","AXTKPNK"
"Nichole Ferrtzell","NXLFRTSL","NKLFRTSL"
"Ira Nagar","ARNKR","ARNKR"
"Brittany HarrisNGH","PRTNHRSNK","PRTNHRSNK"
"Nitara Wason","NTRSN","NTRSN"
"Naveen BhandariNG","NFNPNTRNK","NFNPNTRNK"
"Victor KumarEUX","FKTRKMRKS","FKTRKMRKS"
"Vaisphhnavi Sathe","FSFNFS0","FSFNFST"
"Pamela Hall","PMLHL","PMLHL"
"Jagdish Ganesh","JKTXKNX","AKTXKNX"
"David Burton","TFTPRTN","TFTPRTN"
"Becky Jenkbhins","PKJNKPNS","PKJNKPNS"
"Harrison RamanathanEAU","HRSNRMN0N","HRSNRMNTN"
"Rachita MitalNG","RXTMTLNK","RKTMTLNK"
"Jennifer YoungNG","JNFRNNK","ANFRNKNK"
"Shaurya Shudhkla","XRXTKL","XRXTKL"
"Bahadurjit VartyEUX","PHTRJTFRTKS","PHTRJTFRTKS"
"Devansh Raja","TFNXRJ","TFNXRH"
"Lakshit Kalita","LKXTKLT","LKXTKLT"
"Rebecca Mbhyers","RPKMPRS","RPKMPRS"
"Michael Rivera","MKLRFR","MXLRFR"
"Falan Djhesai","FLNTJS","FLNTJS"
"Chczristopher Miller","XSRSTFRMLR","XXRSTFRMLR"
"Omya PallEAU","AMPL","AMPL"
"Marissa StstoneEUX","MRSSTSTNKS","MRSSTSTNKS"
"Robert Smith","RPRTSM0","RPRTSMT"
"Jbhames TurnerEUX","JPMSTRNRKS","APMSTRNRKS"
"Aachal Dewczan","AXLTSN","AKLTXN"
"Joe Davis","JTFS","ATFS"
"Mekhala Choudhuphry","MKLKTFR","MKLKTFR"
"Manbir Ardhya","MNPRRT","MNPRRT"
"Pranav Brar","PRNFPRR","PRNFPRR"
"Manczan Krishnamurthy","MNSNKRXNMR0","MNXNKRXNMRT"
"Jackson WdhaliNGH","JKSNTLNK","AKSNTLNK"
"David Taylor","TFTLR","TFTLR"
"Vyanjana Lad","FNJNLT","FNJNLT"
"Sharon Contreras","XRNKNTRRS","XRNKNTRRS"
"Krishna PalanIER","KRXNPLNR","KRXNPLNR"
"Paul ParkEAU","PLPRK","PLPRK"
"Shivani Dave","XFNTF","XFNTF"
"Caphsey JamesNG","KFSJMSNK","KFSHMSNK"
"Yash Trivedi","AXTRFT","AXTRFT"
"Deborah Ray","TPRR","TPRR"
"Gachry OrtizEAU","KKRRTS","KKRRTS"
"Kristi Neal","KRSTNL","KRSTNL"
"Urmi ParekhIER","ARMPRKR","ARMPRKR"
"Laksh YohannanEUX","LKXHNNKS","LKXHNNKS"
"Luke Mannan","LKMNN","LKMNN"
"Atharv Chkhakraborty","A0RFXKKRPRT","ATRFKKKRPRT"
"Atsyaan Dora","ATSNTR","ATSNTR"
"Dalaja Paczrekh","TLJPSRK","TLJPXRK"
"Unnati Srivastava","ANTSRFSTF","ANTSRFSTF"
"Atharv Chokshi","A0RFXKX","ATRFKKX"
"Sonya GardnczerIER","SNKRTNSRR","SNKRTNXRR"
"Hemangini Grewghal","HMNJNKRKL","HMNKNKRKL"
"Jason Sanchtsez","JSNSNKTSS","ASNSNKTSS"
"Avni Dczoshi","AFNTSX","AFNTXX"
"Zayan Bhattachabhryya","SNPTKPR","SNPTKPR"
"Onveer Dchyal","ANFRTXL","ANFRTKL"
"Amy BeltranNG","AMPLTRNK","AMPLTRNK"
"Dougwitzlas GreeneEAU","TKTSLSKRN","TKFXLSKRN"
"Zarna Rchattan","SRNRXTN","SRNRKTN"
"April Lester","APRLSTR","APRLSTR"
"Bhavya Khosla","PFKSL","PFKSL"
"Ojas Diphvan","AJSTFFN","AHSTFFN"
"Warinder KaraNG","ARNTRKRNK","FRNTRKRNK"
"James SantiagoNG","JMSNXKNK","AMSNXKNK"
"Adya Dora","ATTR","ATTR"
"Rachit BhandariNG","RXTPNTRNK","RKTPNTRNK"
"Candice Serrano","KNTSSRN","KNTSSRN"
"Simon MiczsraEAU","SMNMSSR","SMNMXSR"
"Laura JohnsonIER","LRJNSN","LRHNSNR"
"Mjheera Nadkarni","MJRNTKRN","MJRNTKRN"
"Ikbal Htzora","AKPLTSR","AKPLTSR"
"Carmen Ferrell","KRMNFRL","KRMNFRL"
"Ovtziya Prabhakar","AFTSPRPKR","AFTSPRPKR"
"Jeremiah Sankar","JRMSNKR","ARMSNKR"
"Ria Amble","RMPL","RMPL"
"Advay SharschafNGH","ATFXRXFNK","ATFXRXFNK"
"Michaela Fthitzgerald","MKLF0TSKRLT","MXLFTTSJRLT"
"Kevin DinNGH","KFNTNK","KFNTNK"
"Aarna LadEAU","ARNLT","ARNLT"
"Mandy PageEAU","MNTPJ","MNTPK"
"Ijaya Mangat","AJMNKT","AHMNKT"
"Samarth ShroffNG","SMR0XRFNK","SMRTXRFNK"
"Parth Bhatnagar","PR0PTNKR","PRTPTNKR"
"Laurphen Morales","LRFNMRLS","LRFNMRLS"
"Bethany Rphoberson","P0NRFPRSN","PTNRFPRSN"
"Travis Hoczrne","TRFXSRN","TRFXXRN"
"Guneet Chakrabarti","KNXKRPRT","KNXKRPRT"
"Nachiwitzket SaranEAU","NXTSKTSRN","NKFXKTSRN"
"Lisa Walter","LSLTR","LSLTR"
"Tanveer RajuNG","TNFRJNK","TNFRJNK"
"Madison Sjhmith","MTSNSM0","MTSNSMT"
"Jessica Smith","JSKSM0","ASKSMT"
"Mr. Jeffrey Mclean MDNGH","MRJFRMKLNMTNK","MRJFRMKLNMTNK"
"Gloria MoodyEUX","KLRMTKS","KLRMTKS"
"Nihal Jayaraman","NHLRMN","NHLRMN"
"Nirja ThakktsarNGH","NRJ0KTSRNK","NRJTKTSRNK"
"Jhalak Mani","JLKMN","ALKMN"
"Susan Brooks","SSNPRKS","SSNPRKS"
"Susan Lyons","SSNLNS","SSNLNS"
"Triveni Shroff","TRFNXRF","TRFNXRF"
"Amy Daugherty","AMTRT","AMTRT"
"Dr. Erica Johnson","TRRKJNSN","TRRKHNSN"
"Nitaczra BansalNG","NTSRPNSLNK","NTXRPNSLNK"
"Ryan Hill","RNL","RNL"
"Chakradev Pant","XKRTFPNT","XKRTFPNT"
"Randall CruzIER","RNTLKRS","RNTLKRSR"
"Maya ChopraNG","MXPRNK","MKPRNK"
"Daksha Tak","TKXTK","TKXTK"
"Sarah Daniel","SRTNL","SRTNL"
"Hemghang Raman","HMKNKRMN","HMKNKRMN"
"Micheal Jones","MXLNS","MKLNS"
"Jackie Richard","JKRXRT","AKRKRT"
"Gautam Batta","KTMPT","KTMPT"
"Chandran Dube","XNTRNTP","XNTRNTP"
"Bahadurjit KhalsaNGH","PHTRJTKLSNK","PHTRJTKLSNK"
"Upma SwamdhinathanEUX","APMSMTN0NKS","APMSMTNTNKS"
"Vidhi Vaidya","FTFT","FTFT"
"Gaurangi RastchogiNGH","KRNJRSXJNK","KRNKRSXKNK"
"Sarah WallsEAU","SRLS","SRLS"
"Ashley KaufmanNGH","AXLKFMNK","AXLKFMNK"
"William Stein","ALMSTN","FLMSTN"
"Stephen Neal","STFNL","STFNL"
"Triveni Bhat","TRFNPT","TRFNPT"
"Scott Lyons","SKTLNS","SKTLNS"
"Eta Bhagat","ATPKT","ATPKT"
"Vyanjana ChakrabartiEAU","FNJNKKRPRT","FNJNKKRPRT"
"Gauttham SachdevaEUX","K0MSKTFKS","KTMSKTFKS"
"Ekaraj Varkey","AKRJFRK","AKRJFRK"
"Daphwn Garrett","TFNKRT","TFNKRT"
"George Oommen","JRJMN","KRKMN"
"Tina Griffin","TNKRFN","TNKRFN"
"Amy Meyer","AMMR","AMMR"
"Steven BakerIER","STFNPKRR","STFNPKRR"
"Ayush Mukhopadhdhyay","AXMKPTT","AXMKPTT"
"Nidra Nchayak","NTRNXK","NTRNKK"
"Dakshesh Ydhohannan","TKXXTHNN","TKXXTHNN"
"Chakrika DczeepNG","XKRKTSPNK","XKRKTXPNK"
"Ria Mdhutti","RMTT","RMTT"
"Samar Sczamra","SMRSKMR","SMRSKMR"
"Jhtzalak Dhar","JTSLKTR","ATSLKTR"
"Qadim LankaNGH","KTMLNKNK","KTMLNKNK"
"Chasmum Lczala","XSMMLSL","XSMMLXL"
"Stephanie Montwitzoya","STFNMNTTS","STFNMNTFX"
"Emphily BellEUX","AMFLPLKS","AMFLPLKS"
"Lisa Sparks","LSSPRKS","LSSPRKS"
"Patritzcia Garcia","PTRTSSKRS","PTRTSXKRX"
"Angeczla Brown","ANJSLPRN","ANKXLPRN"
"Thomas Kawitzla","TMSKTSL","TMSKFXL"
"Bhavya TripathiNGH","PFTRP0NK","PFTRPTNK"
"Mark Short","MRKXRT","MRKXRT"
"Waida Bhargava","ATPRKF","FTPRKF"
"Nicole VincentNGH","NKLFNSNTNK","NKLFNSNTNK"
"Leena Dichvan","LNTXFN","LNTKFN"
"Vrinda NadhyarEAU","FRNTNTR","FRNTNTR"
"Rczyan Johnston","RSNJNSTN","RXNJNSTN"
"Melody Wright","MLTRT","MLTRT"
"Dominique Mcbridhde","TMNKMKPRTT","TMNKMKPRTT"
"Jamthes Henderson","JM0XNTRSN","AMTXNTRSN"
"Nisha Lanka","NXLNK","NXLNK"
"Mary Jones","MRJNS","MRHNS"
"Rebeghcca WatkinsNGH","RPKTKNSNK","RPKTKNSNK"
"Andrew Tailor","ANTRTLR","ANTRTLR"
"Rajeshri Saini","RJXRSN","RJXRSN"
"Kevin Knox","KFNKNKS","KFNKNKS"
"Advay Wadhdhwa","ATFTT","ATFTT"
"Vincent Dhillon","FNSNTLN","FNSNTLN"
"Lakjhshit Chaudhari","LKXXTR","LKXXTR"
"Harriczson ModiNG","HRSSNMTNK","HRXSNMTNK"
"Willischam Gole","ALXMKL","FLXMKL"
"John Christichan","JNXRSTXN","ANKRSTKN"
"Deghvansh Jani","TFNXJN","TFNXJN"
"Bruce ShepardIER","PRSXPRT","PRSXPRTR"
"Aayush Ktsalita","AXKTSLT","AXKTSLT"
"Edward Dorsey","ATRTRS","ATRTRS"
"Lindsey CollinsNGH","LNTSKLNSNK","LNTSKLNSNK"
"Wahab ThakerNG","AHP0KRNK","FHPTKRNK"
"Amber WallaceEAU","AMPRLS","AMPRLS"
"Oeshi Gjhola","AXKJL","AXKJL"
"Michael RscheedIER","MKLRXT","MXLRXTR"
"Sandra Cardenas","SNTRKRTNS","SNTRKRTNS"
"Gavin Rout","KFNRT","KFNRT"
"Mohammed Bathral","MHMTP0RL","MHMTPTRL"
"Ira AmbleNGH","ARMPLNK","ARMPLNK"
"Amara Memghon","AMRMMKN","AMRMMKN"
"Patriczck Scott","PTRSKSKT","PTRXKSKT"
"Dhriti Deshmukh","TRTTXMK","TRTTXMK"
"Aayush Bobwitzal","AXPPTSL","AXPPFXL"
"Seth Manning","S0MNNK","STMNNK"
"Andrew BoltthonNGH","ANTRPL0NK","ANTRPLTNK"
"Debra Frazier","TPRFRS","TPRFRSR"
"Jeevika Nayak","JFKNK","AFKNK"
"Advik Deo","ATFKT","ATFKT"
"Wazir RayEUX","ASRKS","FTSRKS"
"Sarah Wiggins","SRKNS","SRKNS"
"Maanav KrishEUX","MNFKRXKS","MNFKRXKS"
"Renee Gordon","RNKRTN","RNKRTN"
"Vansha AhughjaIER","FNXHJ","FNXHJR"
"Hamsini Bbhera","HMSNPR","HMSNPR"
"Kimberly Perkins","KMPRLPRKNS","KMPRLPRKNS"
"Zayyan SodhodNG","SNSTTNK","SNSTTNK"
"Dhruv Bali","TRFPL","TRFPL"
"Tyler JacksonNG","TLRJKSNK","TLRJKSNK"
"Chanchal Om","XNXLM","XNKLM"
"Sherry LunaNGH","XRLNNK","XRLNNK"
"Michael Miller","MKLMLR","MXLMLR"
"Kashish Banerjee","KXXPNRJ","KXXPNRJ"
"William VohraNGH","ALMFRNK","FLMFRNK"
"Devon Rivera","TFNRFR","TFNRFR"
"Amy HeghrmanEAU","AMHRMN","AMHRMN"
"Widisha Saraf","ATXSRF","FTXSRF"
"Shczane Wright","XSNRT","XXNRT"
"Zansi Sinha","SNSSN","SNSSN"
"Eesha Pingle","AXPNKL","AXPNKL"
"Christopher Barschajas","KRSTFRPRXJS","KRSTFRPRXHS"
"Poothja Bora","P0JPR","PTJPR"
"Oni D’Alia","ANTL","ANTL"
"Sherry JimenezIER","XRJMNS","XRJMNSR"
"Ricky Hensley","RKHNSL","RKHNSL"
"Jessica RamirezIER","JSKRMRS","ASKRMRSR"
"Mary Cook","MRKK","MRKK"
"Katie Christghian","KTKRSTKN","KTKRSTKN"
"Eduardo Lee","ATRTL","ATRTL"
"William WilljhiamsEAU","ALMLMS","FLMLMS"
"Ashley AdamsNGH","AXLTMSNK","AXLTMSNK"
"Kalpit NaiduIER","KLPTNTR","KLPTNTR"
"Vchedika PalNGH","FXTKPLNK","FKTKPLNK"
"Manya Sodhi","MNST","MNST"
"Udgharsh Arya","ATKRXR","ATKRXR"
"Jason Tghorres","JSNTKRS","ASNTKRS"
"Amanda Wagner","AMNTKNR","AMNTKNR"
"Ekiya Kade","AKKT","AKKT"
"Bhavczna ComarIER","PFSNKMRR","PFXNKMRR"
"Mitali Sawhney","MTLSN","MTLSN"
"Nirja KantNG","NRJKNTNK","NRJKNTNK"
"Aadi Jhavtheri","ATJF0R","ATJFTR"
"Siddharth Ramakrishnan","STR0RMKRXNN","STRTRMKRXNN"
"Richard Gpharcia","RXRTKFRS","RKRTKFRX"
"Edwajhrd RobertsEUX","ATJRTRPRTSKS","ATJRTRPRTSKS"
"Vivaan Bhatnagar","FFNPTNKR","FFNPTNKR"
"Dayamai Gulati","TMKLT","TMKLT"
"Bahadurjit KohliIER","PHTRJTKLR","PHTRJTKLR"
"Aayush Dada","AXTT","AXTT"
"Imaran MammenEUX","AMRNMMNKS","AMRNMMNKS"
"James Torres","JMSTRS","AMSTRS"
"Lakshit CjhhakrabortyEAU","LKXTKJKRPRT","LKXTKJKRPRT"
"Barbara Mitchell","PRPRMXL","PRPRMXL"
"Meghana Bthansal","MNP0NSL","MNPTNSL"
"Garrett Monroe","KRTMNR","KRTMNR"
"Raagini Sankar","RJNSNKR","RKNSNKR"
"Rayaan ModyEAU","RNMT","RNMT"
"Raymond Hphaynes","RMNTFNS","RMNTFNS"
"Cynghthia Russell","SNK0RSL","SNKTRSL"
"Samantha JohnsonNGH","SMN0JNSNK","SMNTHNSNK"
"Mtzrs. Jamie GordonIER","MTSRSMKRTN","MTSRSMKRTNR"
"Dwayczne Martinez","TSNMRTNS","TXNMRTNTS"
"Rachit Trivedi","RXTRFT","RKTRFT"
"Yadaphvi Sridhar","ATFFSRTR","ATFFSRTR"
"Geephtika Dhar","JFTKTR","KFTKTR"
"Raghav ChbhaudhryEAU","RFXPTR","RFKPTR"
"Noah Garde","NKRT","NKRT"
"Shannon Petersen","XNNPTRSN","XNNPTRSN"
"Heather GophodmanNG","H0RKFTMNK","HTRKFTMNK"
"Omkatsar Dubey","AMKTSRTP","AMKTSRTP"
"Shaurya Mitter","XRMTR","XRMTR"
"Pranav Palla","PRNFPL","PRNFPL"
"Yashvi Dghugal","AXFTKKL","AXFTKKL"
"Steven NealIER","STFNL","STFNLR"
"Gauri Pall","KRPL","KRPL"
"Ekanta Anand","AKNTNNT","AKNTNNT"
"Vivaan Ramaswamy","FFNRMSM","FFNRMSM"
"Nisha Saini","NXSN","NXSN"
"Mczanan Prabhakar","MSNNPRPKR","MXNNPRPKR"
"Nitghesh Mangal","NTKXMNKL","NTKXMNKL"
"Robert Kurian","RPRTKRN","RPRTKRN"
"Jennifer LajhwsonEUX","JNFRLJSNKS","ANFRLJSNKS"
"John Franklin","JNFRNKLN","ANFRNKLN"
"Kdhevin Moran","KTFNMRN","KTFNMRN"
"Watitzka Sehgal","ATTSKSKL","FTTSKSKL"
"Maya Som","MSM","MSM"
"Christine FlynnNGH","KRSTNFLNNK","KRSTNFLNNK"
"Tarak Setty","TRKST","TRKST"
"Falguni Gupta","FLKNKPT","FLKNKPT"
"Meera AuroraNGH","MRRRNK","MRRRNK"
"Caleb Sarma","KLPSRM","KLPSRM"
"Noah NarayananNG","NNRNNK","NNRNNK"
"Alexander Dtsavis","ALKSNTRTSFS","ALKSNTRTSFS"
"Gaurang ApjhteNG","KRNKPJTNK","KRNKPJTNK"
"Djhalbir Sarma","TJLPRSRM","TJLPRSRM"
"Agastya SacharEAU","AKSTSKR","AKSTSKR"
"Lwitzaban Karpe","LTSPNKRP","LFXPNKRP"
"Anya Gschade","ANKXT","ANKXT"
"Samuel Ravel","SMLRFL","SMLRFL"
"Kristen Leczwis","KRSTNLSS","KRSTNLXS"
"Oni BainsEUX","ANPNSKS","ANPNSKS"
"Martin VibhllegasNGH","MRTNFPLKSNK","MRTNFPLKSNK"
"Tanvi Sarin","TNFSRN","TNFSRN"
"Raymond Duarczte","RMNTRST","RMNTRXT"
"Ttzeerth AnneNGH","TSR0NNK","TSRTNNK"
"Tczamanna Goswami","TSMNKSM","TXMNKSM"
"Amanda RiceNG","AMNTRSNK","AMNTRSNK"
"Pushti Thakkar","PXT0KR","PXTTKR"
"James Nguyen","JMSNKN","AMSNKN"
"Rita Cortez","RTKRTS","RTKRTS"
"Aacwitzhal SoniEUX","AKTSLSNKS","AKFXLSNKS"
"Andrew King","ANTRKNK","ANTRKNK"
"Shaun Gibson","XNJPSN","XNKPSN"
"Siddharth MohanIER","STR0MHN","STRTMHNR"
"Eilczeen Thomas","ALSNTMS","ALXNTMS"
"Jacob Rodriguez","JKPRTRKS","AKPRTRKS"
"Gavjhin Pandya","KFJNPNT","KFJNPNT"
"Urtzvi DaniNG","ARTSFTNNK","ARTSFTNNK"
"John MarkhtinezNG","JNMRKTNSNK","ANMRKTNTSNK"
"Neebhlima AtwalEAU","NPLMTL","NPLMTL"
"Hiral Babu","HRLPP","HRLPP"
"Eric Hendrix","ARXNTRKS","ARKNTRKS"
"Mechgha BoaseEUX","MXKPSKS","MKKPSKS"
"Amanda Wolf","AMNTLF","AMNTLF"
"Isaiah Bhawitzttacharyya","ASPTSTKR","ASPFXTKR"
"Rohan ModyNG","RHNMTNK","RHNMTNK"
"Manya Misra","MNMSR","MNMSR"
"Yahvi Zacharia","AFSKR","AFSKR"
"Heather PetersenEUX","H0RPTRSNKS","HTRPTRSNKS"
"Melanie Love MDIER","MLNLFMT","MLNLFMTR"
"Reva DugarEAU","RFTKR","RFTKR"
"Samarth RaoNG","SMR0RNK","SMRTRNK"
"Bhavna Talwar","PFNTLR","PFNTLR"
"Neelima Chauhan","NLMKHN","NLMKHN"
"Mtsichael HoltEUX","MTSKLLTKS","MTSXLLTKS"
"Kim Sawyer","KMSR","KMSR"
"Kristina Mckenzie","KRSTNMKNS","KRSTNMKNTS"
"Glenn Brwitzown","KLNPRTSN","KLNPRFXN"
"Jagvi Memon","JKFMMN","AKFMMN"
"Krisha Arora","KRXRR","KRXRR"
"Eduardo Sharp","ATRTXRP","ATRTXRP"
"Geophrge ScottEAU","JFRJSKT","KFRKSKT"
"Mbhanthan PatelEAU","MPN0NPTL","MPNTNPTL"
"Qabil Karan","KPLKRN","KPLKRN"
"Anya Kumer","ANKMR","ANKMR"
"Vkharenya KannanEUX","FKRNKNNKS","FKRNKNNKS"
"Januja ChaczndranEAU","JNJKSNTRN","ANJKXNTRN"
"Neha Sahni","NHSN","NHSN"
"Lavanya Loke","LFNLK","LFNLK"
"Daksh Chhabra","TKXXPR","TKXKPR"
"Jessica Farrell","JSKFRL","ASKFRL"
"Michael Stone","MKLSTN","MXLSTN"
"Charles Setty","XRLST","XRLST"
"Robert Moran","RPRTMRN","RPRTMRN"
"Daksh Yogi","TKXJ","TKXK"
"Faraj Hayre","FRJR","FRJR"
"Wridesh Bhat","RTXPT","RTXPT"
"Viwitzvaan GaraEAU","FTSFNKR","FFXFNKR"
"Omkaar DoctorNG","AMKRTKTRNK","AMKRTKTRNK"
"Rohan ThakurNGH","RHN0KRNK","RHNTKRNK"
"Mitesh Balasubramczanian","MTXPLSPRMSNN","MTXPLSPRMXNN"
"Robert Carter DDS","RPRTKRTRTS","RPRTKRTRTS"
"Radhika Taphndon","RTKTFNTN","RTKTFNTN"
"Charles Muni","XRLSMN","XRLSMN"
"Davthid HerreraEUX","TF0TRRKS","TFTTRRKS"
"Shivansh Bansal","XFNXPNSL","XFNXPNSL"
"Avni Mistry","AFNMSTR","AFNMSTR"
"Joseph Duke","JSFTK","HSFTK"
"Chakrschadev Bal","XKRXTFPL","XKRXTFPL"
"Jefwitzfrey Spencer","JFTSFRSPNSR","AFFXFRSPNSR"
"Ekalinga KrishEUX","AKLNKKRXKS","AKLNKKRXKS"
"Oviya Saran","AFSRN","AFSRN"
"Trevor Rphivera","TRFRFFR","TRFRFFR"
"Maschhika Zacharia","MXKSKR","MXKTSKR"
"Thomas GarcchiaNG","TMSKRXNK","TMSKRXNK"
"Tara Johal","TRJHL","TRHHL"
"Christopher WhiteEUX","KRSTFRTKS","KRSTFRTKS"
"Evan Brown","AFNPRN","AFNPRN"
"Edwin Rivas","ATNRFS","ATNRFS"
"Odika Pandit","ATKPNTT","ATKPNTT"
"Mark GibsonIER","MRKJPSNR","MRKKPSNR"
"Isaiah Brahmbhatt","ASPRMPT","ASPRMPT"
"Cphheryl Taylor","KFRLTLR","KFRLTLR"
"Udarsh Thaman","ATRXTMN","ATRXTMN"
"Rayaan Yohannchan","RNHNXN","RNHNKN"
"Unghnati AgarwalEUX","ANKNXKRLKS","ANKNXKRLKS"
"Christopher Paul","KRSTFRPL","KRSTFRPL"
"Daniel SkhchneiderEUX","TNLSKXNTRKS","TNLSKKNTRKS"
"Savanthnah Salazar","SFN0NSLSR","SFNTNSLSR"
"Udarsh Bajwa","ATRXPJ","ATRXPJ"
"Keith EstradaNG","K0STRTNK","KTSTRTNK"
"Chelsey Hchall","XLSXL","XLSKL"
"Mason RajagopalNG","MSNRJKPLNK","MSNRHKPLNK"
"Bhavini Bumb","PFNPM","PFNPM"
"Nikita KadakiaNGH","NKTKTKNK","NKTKTKNK"
"Mrs. Mary JonesEAU","MRSMRJNS","MRSMRHNS"
"Kdhelly Hatfield","KTLHTFLT","KTLHTFLT"
"Pranit Skholanki","PRNTSKLNK","PRNTSKLNK"
"Patty Smith","PTSM0","PTSMT"
"Terri Hunt","TRHNT","TRHNT"
"Arjun GeraEAU","ARJNKR","ARJNJR"
"Dghebra Brown","TKPRPRN","TKPRPRN"
"Wridesh Chana","RTXXN","RTXKN"
"Gthautami Chada","K0TMXT","KTTMKT"
"Kabir MistryEAU","KPRMSTR","KPRMSTR"
"Pushti MohantyEAU","PXTMHNT","PXTMHNT"
"Yashasvi BrarIER","AXSFPRR","AXSFPRRR"
"Qarin Yohannan","KRNHNN","KRNHNN"
"Raghav Kar","RFKR","RFKR"
"Gaujhrika Raman","KJRKRMN","KJRKRMN"
"Amber Villa","AMPRFLL","AMPRFL"
"Dr. James BallEAU","TRJMSPL","TRJMSPL"
"Bahadurjit MtsuniEUX","PHTRJTMTSNKS","PHTRJTMTSNKS"
"Ltsaura WilsonEUX","LTSRLSNKS","LTSRLSNKS"
"Yashvi Mallick","AXFMLK","AXFMLK"
"Michael MillpherIER","MKLMLFR","MXLMLFRR"
"Krisha UpadhyayIER","KRXPTR","KRXPTR"
"Machrk McdanielEUX","MKRKMKTNLKS","MKRKMKTNLKS"
"Gchirindra Ramesh","KXRNTRRMX","KKRNTRRMX"
"Falak MuniEAU","FLKMN","FLKMN"
"Chandani Dischvan","XNTNTXFN","XNTNTXFN"
"Hemangini KohliIER","HMNJNKLR","HMNKNKLR"
"Radha Narkhain","RTNRKN","RTNRKN"
"Jonathan Jones","JN0NJNS","ANTNJNS"
"Stephanbhie JohnsonEAU","STFNPJNSN","STFNPHNSN"
"Yutika Bhagat","ATKPKT","ATKPKT"
"Forum BediNG","FRMPTNK","FRMPTNK"
"Steven PittschmanNG","STFNPTXMNK","STFNPTXMNK"
"Bina Handa","PNHNT","PNHNT"
"Netra GargNGH","NTRKRNK","NTRKRKNK"
"Mariah Cox","MRKKS","MRKKS"
"James Nielsen","JMSNLSN","AMSNLSN"
"Hema AhuczjaEAU","HMHSJ","HMHXJ"
"Triveni Dyal","TRFNTL","TRFNTL"
"Darika ButalaIER","TRKPTLR","TRKPTLR"
"Holly Booker","HLPKR","HLPKR"
"Unnati Deshpande","ANTTXPNT","ANTTXPNT"
"Kadhbir Som","KTPRSM","KTPRSM"
"Nicole TaylorEAU","NKLTLR","NKLTLR"
"Ekbal Datta","AKPLTT","AKPLTT"
"Praneel Bhthat","PRNLP0T","PRNLPTT"
"Harrison Salvi","HRSNSLF","HRSNSLF"
"Aadi Dutta","ATTT","ATTT"
"Jackson Comar","JKSNKMR","AKSNKMR"
"Martin Goodman","MRTNKTMN","MRTNKTMN"
"Indrajit Choudhury","ANTRJXTR","ANTRJXTR"
"Timothy Burnett","TM0PRNT","TMTPRNT"
"Sidthdharth Gandhi","STTR0KNT","STTRTKNT"
"Zaitra Bahri","STRPR","STRPR"
"Daniwitzel Rose","TNTSLRS","TNFXLRS"
"Rachel DavisEAU","RXLTFS","RKLTFS"
"Kevtsin Henderson","KFTSNNTRSN","KFTSNNTRSN"
"Ekani Abhpte","AKNPPT","AKNPPT"
"Sonya Jonghes","SNJNKS","SNHNKS"
"Avi GourEUX","AFKRKS","AFKRKS"
"Max KapadiaEUX","MKSKPTKS","MKSKPTKS"
"Lavanya Hora","LFNHR","LFNHR"
"Aarush KondaEUX","ARXKNTKS","ARXKNTKS"
"Advaith Dugar","ATF0TKR","ATFTTKR"
"Gabriel Tate","KPRLTT","KPRLTT"
"Arunima Dugar","ARNMTKR","ARNMTKR"
"Jasmit Bhat","JSMTPT","ASMTPT"
"Jobhhn Gibson","JPNJPSN","APNKPSN"
"Paul Parsons","PLPRSNS","PLPRSNS"
"Don Murray","TNMR","TNMR"
"Shaurya Batra","XRPTR","XRPTR"
"Bphanjeet Iyengar","PFNJTNKR","PFNJTNKR"
"Lopa Sha","LPX","LPX"
"Dawn GrantEAU","TNKRNT","TNKRNT"
"Aryan Kapadia","ARNKPT","ARNKPT"
"Timothy Delgado","TM0TLKT","TMTTLKT"
"Baghyawati KrishnaNGH","PTKRXNNK","PTKRXNNK"
"Patricia Perez","PTRSPRS","PTRXPRS"
"Rschidhi Balakrishnan","RXTPLKRXNN","RXTPLKRXNN"
"Arin CharNG","ARNXRNK","ARNKRNK"
"Atzaron Wilson","ATSRNLSN","ATSRNLSN"
"Yashodhara HegdeNGH","AXTRHKTNK","AXTRHKTNK"
"Jocelyn Guerrero","JSLNKRR","ASLNKRR"
"Hemang Pai","HMNKP","HMNKP"
"Hemal Mallick","HMLMLK","HMLMLK"
"Benjamin RamaswamyNG","PNJMNRMSMNK","PNJMNRMSMNK"
"Anirudh Sen","ANRTSN","ANRTSN"
"Yatin Kapoor","ATNKPR","ATNKPR"
"Parth KandaEAU","PR0KNT","PRTKNT"
"Hannah Conley","HNKNL","HNKNL"
"Krishna DuaIER","KRXNTR","KRXNTR"
"Bawitzrkha Dyal","PTSRKTL","PFXRKTL"
"Omkaar Kale","AMKRKL","AMKRKL"
"Franklin Myewitzrs","FRNKLNMTSRS","FRNKLNMFXRS"
"Cynthia Htsickman","SN0TSKMN","SNTTSKMN"
"Yashica Nayar","AXKNR","AXKNR"
"Aiphshani Khanna","AFXNKN","AFXNKN"
"Jghonathan NarayanEUX","JKN0NRNKS","AKNTNRNKS"
"Scott Wiltskins","SKTLTSKNS","SKTLTSKNS"
"Roy Levy","RLF","RLF"
"Kamya Dey","KMT","KMT"
"Hredhaan Naczyar","RTNSR","RTNXR"
"Hemani Sane","HMNSN","HMNSN"
"Nikita DadaNGH","NKTTTNK","NKTTTNK"
"Katherine BbhlakeEAU","K0RNPLK","KTRNPLK"
"Micbhhael MartinEUX","MKPLMRTNKS","MKPLMRTNKS"
"Allison Mendez","ALSNMNTS","ALSNMNTS"
"Reva MorarEAU","RFMRR","RFMRR"
"Judy JenningsEAU","JTJNNKS","ATJNNKS"
"Raymond Riley","RMNTRL","RMNTRL"
"Kyle Mcbride","KLMKPRT","KLMKPRT"
"Katie Milchler","KTMLXLR","KTMLKLR"
"Jennifer Young","JNFRNK","ANFRNK"
"Jeffrey Bowen","JFRPN","AFRPN"
"Mtsrs. Christine Nelson","MTSRXRSTNNLSN","MTSRXRSTNNLSN"
"Darika RajanEAU","TRKRJN","TRKRJN"
"Dtzaniel PatlaIER","TSNLPTL","TSNLPTLR"
"Lisa Reykhes","LSRKS","LSRKS"
"Hejhmangini GuhaEUX","HJMNJNKHKS","HJMNKNKHKS"
"Jaime HarrisNGH","JMHRSNK","AMHRSNK"
"Harish Buch","HRXPK","HRXPK"
"Jokhhn MartinezEUX","JKNMRTNSKS","AKNMRTNTSKS"
"Neelima RattanEAU","NLMRTN","NLMRTN"
"Rayaan Bphasak","RNPFSK","RNPFSK"
"Sthamantha Newman","STMN0NMN","STMNTNMN"
"Aditya Salvi","ATTSLF","ATTSLF"
"Hamsini Pall","HMSNPL","HMSNPL"
"Justin Lewis","JSTNLS","ASTNLS"
"Anvi Kumar","ANFKMR","ANFKMR"
"Tyler Moschrrow","TLRMXR","TLRMXRF"
"Vedika Sahota","FTKSHT","FTKSHT"
"Shkhannon BurnsIER","XKNNPRNSR","XKNNPRNSR"
"Max Mokhdy","MKSMKT","MKSMKT"
"Danielle Gonzalez MD","TNLKNSLSMT","TNLKNSLSMT"
"Navekhen GillEUX","NFKNJLKS","NFKNKLKS"
"Timothy Woods","TM0TS","TMTTS"
"Varenya Gaba","FRNKP","FRNKP"
"Jamie Grifschfith","JMKRFXF0","AMKRFXFT"
"Thomas SheltonEUX","TMSLTNKS","TMSLTNKS"
"Racthhana KondaNG","RK0NKNTNK","RKTNKNTNK"
"Taylor SchmittEUX","TLRXMTKS","TLRXMTKS"
"Ishaczan Krishnamurthy","AXSNKRXNMR0","AXXNKRXNMRT"
"Ekta Mitter","AKTMTR","AKTMTR"
"Adya MajumdarIER","ATMJMTR","ATMJMTRR"
"Krishna Uppal","KRXNPL","KRXNPL"
"Sean WaczreEAU","SNSR","SNXR"
"Marie Gonzales","MRKNSLS","MRKNSLS"
"Charles Gonztzalez","XRLSKNSTSLS","XRLSKNSTSLS"
"Brittschany JonesNGH","PRTXNJNSNK","PRTXNHNSNK"
"Sarah JohnsonIER","SRJNSN","SRJNSNR"
"Jessica Gilmore","JSKJLMR","ASKKLMR"
"Nisha Ganguly","NXKNKL","NXKNKL"
"Paul Serrano","PLSRN","PLSRN"
"Wahab Bdhhatia","AHPTX","FHPTX"
"Christine Danchiels","KRSTNTNXLS","KRSTNTNKLS"
"Irya AhujaNGH","ARHJNK","ARHHNK"
"Charles Newton","XRLSNTN","XRLSNTN"
"Ekavir BordeNG","AKFRPRTNK","AKFRPRTNK"
"Oni KaraEUX","ANKRKS","ANKRKS"
"Zachary BrownEUX","SKRPRNKS","SKRPRNKS"
"Monica CarrollNGH","MNKKRLNK","MNKKRLNK"
"Dana McneilEUX","TNMKNLKS","TNMKNLKS"
"Rwitzicky Haynes","RTSKHNS","RFXKHNS"
"Wridesh MinhasEAU","RTXMNS","RTXMNS"
"Steven Davis","STFNTFS","STFNTFS"
"Shivani Amble","XFNMPL","XFNMPL"
"Dayita Shanker","TTXNKR","TTXNKR"
"Jhalak BatbhraIER","JLKPTPRR","ALKPTPRR"
"Riya Dugar","RTKR","RTKR"
"Mohini Doctor","MHNTKTR","MHNTKTR"
"Eschvan Roberts","AXFNRPRTS","AXFNRPRTS"
"Crystal SilvaIER","KRSTLSLF","KRSTLSLFR"
"Samaksh DoctorIER","SMKXTKTRR","SMKXTKTRR"
"Jill Serrano","JLSRN","ALSRN"
"Reva Kuruvilla","RFKRFLL","RFKRFL"
"Dalathja DharIER","TL0JTR","TLTJTRR"
"Laban KathleNGH","LPNK0LNK","LPNKTLNK"
"Jghason Johnson","JKSNJNSN","AKSNJNSN"
"Kriswitztin Reynolds","KRSTSTNRNLTS","KRSFXTNRNLTS"
"Raagini DateNG","RJNTTNK","RKNTTNK"
"Dabhwn MccartyEAU","TPNMKRT","TPNMKRT"
"Urtsvi Rout","ARTSFRT","ARTSFRT"
"Edhkavir Narain","ATKFRNRN","ATKFRNRN"
"Vetzda Balakrishnan","FTSTPLKRXNN","FTSTPLKRXNN"
"Ashley Woods","AXLTS","AXLTS"
"George Gokghhale","JRJKKKL","KRKKKKL"
"Simon Balakrishnan","SMNPLKRXNN","SMNPLKRXNN"
"Gopal Bhajhgat","KPLPJKT","KPLPJKT"
"Timjhothy Dugar","TMJ0TKR","TMJTTKR"
"Ayajhan Salvi","AJNSLF","AJNSLF"
"Sarah Martin","SRMRTN","SRMRTN"
"Anna LucschasEUX","ANLKXSKS","ANLKXSKS"
"Arya Panchal","ARPNXL","ARPNKL"
"Sbhhannon Ramirez","SPNNRMRS","SPNNRMRS"
"Samar Choudhury","SMRXTR","SMRKTR"
"Amy Zdhimmerman","AMSTMRMN","AMSTMRMN"
"Hathrita Dugar","H0RTTKR","HTRTTKR"
"Jennifer Ochwens","JNFRKNS","ANFRKNS"
"Cyntphhia Marshall","SNTFMRXL","SNTFMRXL"
"Anay Contractor","ANKNTRKTR","ANKNTRKTR"
"Mankhthan Borra","MNK0NPR","MNKTNPR"
"Frado MinhasNGH","FRTMNSNK","FRTMNSNK"
"Bimala Batta","PMLPT","PMLPT"
"Timothy Memon","TM0MMN","TMTMMN"
"William Elliott","ALMLT","FLMLT"
"Timothy Anderson","TM0NTRSN","TMTNTRSN"
"Stephanie FeghrgusonNG","STFNFKRKSNK","STFNFKRKSNK"
"Zachary Blake","SKRPLK","SKRPLK"
"Dominic Krishna","TMNKRXN","TMNKRXN"
"Irya Jaggi","ARJJ","ARHK"
"Chaman Btzasu","XMNPTSS","XMNPTSS"
"Ronith Jha","RN0J","RNTJ"
"Susan Andtzrews","SSNNTSRS","SSNNTSRS"
"Dipta PrashadNG","TPTPRXTNK","TPTPRXTNK"
"Omkaar Kschari","AMKRKXR","AMKRKXR"
"Ana Schalinas","ANXLNS","ANXLNS"
"Ethan Mangal","A0NMNKL","ATNMNKL"
"Sanbhya Mangal","SNPMNKL","SNPMNKL"
"Ojasvi Dugal","AJSFTKL","AHSFTKL"
"Nachiket Kala","NXKTKL","NKKTKL"
"Unni Uppwitzal","ANPTSL","ANPFXL"
"Udarsh DharEUX","ATRXTRKS","ATRXTRKS"
"Aashi Natarajan","AXNTRJN","AXNTRHN"
"Nidra Koshy","NTRKX","NTRKX"
"Dschalaja Bhalla","TXLJPL","TXLHPL"
"Charita MuniNG","XRTMNNK","XRTMNNK"
"Wakeeta Bal","AKTPL","FKTPL"
"Wazir Naik","ASRNK","FTSRNK"
"Tabitha MartinezNGH","TPTMRTNSNK","TPTMRTNSNK"
"Chrthistine Williams","KR0STNLMS","KRTSTNLMS"
"Girish Singhal","JRXSNKL","KRXSNKL"
"Upadhriti Krishnamurthy","APTRTKRXNMR0","APTRTKRXNMRT"
"Catthherine Jackson","K0RNJKSN","KTRNJKSN"
"Frederick BuchIER","FRTRKPXR","FRTRKPKR"
"Tanvi Mani","TNFMN","TNFMN"
"Joshua Pena","JXPN","AXPN"
"Timothy Perry","TM0PR","TMTPR"
"Harinakshi Sedhkhon","HRNKXSTKN","HRNKXSTKN"
"Omdhaja AhluwaliaEUX","AMTJLLKS","AMTJLLKS"
"Xalak Sekhon","SLKSKN","SLKSKN"
"Meera Saini","MRSN","MRSN"
"John YoutsngNG","JNTSNNK","ANTSNKNK"
"Neel EdwinIER","NLTNR","NLTNR"
"Yuvraj Panchal","AFRJPNXL","AFRJPNKL"
"Athtzarv Rout","A0TSRFRT","ATTSRFRT"
"Michael Saini","MKLSN","MXLSN"
"Sbhean Flores","SPNFLRS","SPNFLRS"
"Irya RaghavanEUX","ARRKFNKS","ARRKFNKS"
"Thomas King","TMSKNK","TMSKNK"
"Vrishti Kala","FRXTKL","FRXTKL"
"Libni Betzra","LPNPTSR","LPNPTSR"
"Karen PaulIER","KRNPLR","KRNPLR"
"Adam Andersdhon","ATMNTRSTN","ATMNTRSTN"
"Yashthasvi MohantyEUX","AX0SFMHNTKS","AXTSFMHNTKS"
"Omwitzaja Rana","AMTSJRN","AMFXJRN"
"Kaylee Anderson","KLNTRSN","KLNTRSN"
"Lisa Smith","LSSM0","LSSMT"
"Aarush Pillay","ARXPL","ARXPL"
"Timothy Martinschez","TM0MRTNXS","TMTMRTNXS"
"Arunima Nagy","ARNMNK","ARNMNJ"
"Theodore Batta","0TRPT","TTRPT"
"Jacob Venkataraman","JKPFNKTRMN","AKPFNKTRMN"
"Julie Norphman","JLNRFMN","ALNRFMN"
"Niczlima Puri","NSLMPR","NXLMPR"
"John Lopez DDSEUX","JNLPSTSKS","ANLPSTSKS"
"Christopher SantanaNGH","KRSTFRSNTNNK","KRSTFRSNTNNK"
"Warjas HayerEUX","ARJXRKS","FRJXRKS"
"Chaaya SoniIER","XSN","XSNR"
"Brittghany MacdonaldNGH","PRTKNMKTNLTNK","PRTKNMKTNLTNK"
"Tony Avchila","TNFXL","TNFKL"
"Kimberly Harris","KMPRLHRS","KMPRLHRS"
"Arwitzin Manda","ARTSNMNT","ARFXNMNT"
"Bhavika SandhuNG","PFKSNTNK","PFKSNTNK"
"Christina RogersNG","KRSTNRKRSNK","KRSTNRJRSNK"
"Henry SbhodhiNG","HNRSPTNK","HNRSPTNK"
"Blake WarrenNGH","PLKRNK","PLKRNK"
"Udarsh Sen","ATRXSN","ATRXSN"
"Lori Gordtson","LRKRTSN","LRKRTSN"
"Kala Gakhnguly","KLKKNKL","KLKKNKL"
"Lakshmi PdhrasadEAU","LKXMPTRST","LKXMPTRST"
"Theodore Tiwari","0TRTR","TTRTR"
"Gautami Dua","KTMT","KTMT"
"Kashish Deshpande","KXXTXPNT","KXXTXPNT"
"Nisha Behl","NXPL","NXPL"
"Susan Taylor","SSNTLR","SSNTLR"
"Gaurang Khoskhla","KRNKKSKL","KRNKKSKL"
"Kelly Waltslace","KLLTSLS","KLLTSLS"
"Jonathphan Bala","JN0FNPL","ANTFNPL"
"Ronith ManneIER","RN0MN","RNTMNR"
"Barbchara SmithEUX","PRPXRSM0KS","PRPKRSMTKS"
"Jessica HernantzdezNG","JSKHRNNTSTSNK","ASKHRNNTSTSNK"
"Harini Kashyap","HRNKXP","HRNKXP"
"Brenda Campos","PRNTKMPS","PRNTKMPS"
"Mohammed Kantzda","MHMTKNTST","MHMTKNTST"
"Gunbir Sarna","KNPRSRN","KNPRSRN"
"Michelle MortonEAU","MXLMRTN","MKLMRTN"
"Qabil Swamichnathan","KPLSMXN0N","KPLSMKNTN"
"Frank HowellEAU","FRNKL","FRNKL"
"Varetznya Gade","FRTSNKT","FRTSNKT"
"Anthony DewitzanEUX","AN0NTTSNKS","ANTNTFXNKS"
"Bishakha Kar","PXKKR","PXKKR"
"Gaghutam Nagy","KTMNK","KTMNJ"
"Harsh Raghavan","HRXRFN","HRXRFN"
"Rebecca Thomas","RPKTMS","RPKTMS"
"Jai Badal","JPTL","APTL"
"Isphha Brahmbhatt","ASFPRMPT","ASFPRMPT"
"Vthivaan Modi","F0FNMT","FTFNMT"
"Dayita Parekh","TTPRK","TTPRK"
"Darsh Vyas","TRXFS","TRXFS"
"Yolanda Brdhown","ALNTPRTN","ALNTPRTN"
"Anirudh ShuklaNGH","ANRTXKLNK","ANRTXKLNK"
"Taylor Romero","TLRMR","TLRMR"
"Karen Castillo","KRNKSTLL","KRNKSTL"
"Ikshita Sharschaf","AKXTXRXF","AKXTXRXF"
"Abhimanyu KaurEAU","APMNKR","APMNKR"
"Lakshit Borde","LKXTPRT","LKXTPRT"
"Jagrati ShenoyNGH","JKRTXNNK","AKRTXNNK"
"Chschase Morgan","KXSMRKN","KXSMRKN"
"Janaki SahniNG","JNKSNNK","ANKSNNK"
"Cassidy Thompstson","KSTTMPSTSN","KSTTMPSTSN"
"Todd Ketzmp","TTKTSMP","TTKTSMP"
"Wendy Wwitzood","ANTTST","FNTFXT"
"Ashlee AldhlenIER","AXLLTLN","AXLLTLNR"
"Daniel Dighaz","TNLTS","TNLTS"
"David BrooksNG","TFTPRKSNK","TFTPRKSNK"
"Jalsa Tbhhakur","JLSTPKR","ALSTPKR"
"Alexis ScottNGH","ALKSSKTNK","ALKSSKTNK"
"Jeremiah Dora","JRMTR","ARMTR"
"Lohit MaharajNG","LHTMHRNK","LHTMHRNK"
"Radhika Radhakrishnan","RTKRTKRXNN","RTKRTKRXNN"
"Vatsnya Agarwal","FTSNKRL","FTSNKRL"
"Pallavi Gola","PLFKL","PLFKL"
"Timothy Smith","TM0SM0","TMTSMT"
"Rohan PrabhakarNG","RHNPRPKRNK","RHNPRPKRNK"
"Manthan Kapadia","MN0NKPT","MNTNKPT"
"Jczack Nayak","JSKNK","AXKNK"
"Aadi Tedhlla","ATTTL","ATTTL"
"Jack Gole","JKKL","AKKL"
"Jaghck Sibal","JKSPL","AKSPL"
"Dalaja Bhatt","TLJPT","TLHPT"
"Forum Mane","FRMN","FRMN"
"Benjamin Colon","PNJMNKLN","PNJMNKLN"
"Anya RaiNGH","ANRNK","ANRNK"
"Siya Contractor","SKNTRKTR","SKNTRKTR"
"Ansh Kari","ANXKR","ANXKR"
"Tanish Toor","TNXTR","TNXTR"
"Abhiram ParsaEAU","APRMPRS","APRMPRS"
"Wacztika Kalita","ASTKKLT","FXTKKLT"
"Pooja Bandi","PJPNT","PHPNT"
"Michael TayphlorEAU","MKLTFLR","MXLTFLR"
"Jai Varughese","JFRKS","AFRKS"
"Elizabeth Meyer","ALSP0MR","ALSPTMR"
"Dalbir Nadczkarni","TLPRNTSKRN","TLPRNTXKRN"
"Omiswitzha Tripathi","AMSTSTRP0","AMSFXTRPT"
"Chaitaly RattiEUX","XTLRTKS","XTLRTKS"
"Vivaan Ganesh","FFNKNX","FFNKNX"
"Amber Jones","AMPRJNS","AMPRJNS"
"Jared Jochhnston","JRTJKNSTN","ARTJKNSTN"
"Paul Johnson","PLNSN","PLNSN"
"Pahal Shenoy","PHLXN","PHLXN"
"Kyle Savage","KLSFJ","KLSFK"
"Nilima Keer","NLMKR","NLMKR"
"Brijesh Baschsak","PRJXPXSK","PRJXPXSK"
"Ronnie Baker","RNPKR","RNPKR"
"Lopa Rout","LPRT","LPRT"
"Karen Donaldson","KRNTNLTSN","KRNTNLTSN"
"Falak SschanghaNGH","FLKSXNKNK","FLKSKNKNK"
"Aarna TankEAU","ARNTNK","ARNTNK"
"Phillip Le","FLPL","FLPL"
"Lekha Sjhura","LKSR","LKSR"
"Dr. Theresa Nelson","TR0RSNLSN","TRTRSNLSN"
"Alex RamirezEAU","ALKSRMRS","ALKSRMRS"
"David GarciaIER","TFTKRS","TFTKRXR"
"Gagan KhatriIER","KKNKTRR","KKNKTRR"
"Glenda Johnson","KLNTJNSN","KLNTHNSN"
"Jhalak AryaNGH","JLKRNK","ALKRNK"
"Harita Mikhtal","HRTMKTL","HRTMKTL"
"Daniel Sedhxton","TNLSTKSTN","TNLSTKSTN"
"Chaitaly Sankar","XTLSNKR","XTLSNKR"
"Rayaan Thaker","RN0KR","RNTKR"
"Eric Oldhson","ARKLTSN","ARKLTSN"
"Vincecznt IyerEUX","FNSSNTRKS","FNSXNTRKS"
"Nikita Manczgat","NKTMNSKT","NKTMNXKT"
"Tanish Chachudry","TNXXKTR","TNXKKTR"
"William RobertsonEUX","ALMRPRTSNKS","FLMRPRTSNKS"
"Gaurang Wawitzson","KRNKTSSN","KRNKFXSN"
"Eshana Garde","AXNKRT","AXNKRT"
"Nathaniel West","N0NLST","NTNLST"
"Wriddhish Sadhne","RTXSTN","RTXSTN"
"William JonesIER","ALMJNSR","FLMJNSR"
"Jchason Mohan","JXSNMHN","AKSNMHN"
"Otswen OakEUX","ATSNKKS","ATSNKKS"
"Danielle Vaztzquez","TNLFSTSKS","TNLFSTSKS"
"Vritti ParikhNG","FRTPRKNK","FRTPRKNK"
"Sandra Tran","SNTRTRN","SNTRTRN"
"Mdhugdha Srinivas","MTKTSRNFS","MTKTSRNFS"
"Ayphaan Viswanathan","AFNFSN0N","AFNFSNTN"
"Hunter CraneIER","HNTRKRN","HNTRKRNR"
"Kevin May","KFNM","KFNM"
"Sarah White DVMNGH","SRTTFMNK","SRTTFMNK"
"Janaki Bhargava","JNKPRKF","ANKPRKF"
"Ikbal SubramanianNGH","AKPLSPRMNNK","AKPLSPRMNNK"
"Vaishnavi Muni","FXNFMN","FXNFMN"
"Leena LachllaNGH","LNLKLNK","LNLKLNK"
"Viraj Bbhiswas","FRPSS","FRPSS"
"Dghhruv Loyal","TKRFLL","TKRFLL"
"Daniel Olsen III","TNLLSN","TNLLSN"
"Isha Seth","AXS0","AXST"
"Kimberly HarrisIER","KMPRLHRSR","KMPRLHRSR"
"Warindhder Sarma","ARNTTRSRM","FRNTTRSRM"
"Alexa Mcwitzdonald","ALKSMKTSTNLT","ALKSMKFXTNLT"
"Turvi Pant","TRFPNT","TRFPNT"
"Dean Smith","TNSM0","TNSMT"
"Zaitra MenonEUX","STRMNNKS","STRMNNKS"
"Lavanya Gala","LFNKL","LFNKL"
"Yauvani Kashyap","AFNKXP","AFNKXP"
"Amy Rczeed","AMRST","AMRXT"
"Angela Lowe","ANJLL","ANKLL"
"Zaid Chabhkraborty","STXPKRPRT","STKPKRPRT"
"Zaid Patil","STPTL","STPTL"
"Finn Iyengar","FNNKR","FNNKR"
"Crystal White","KRSTLT","KRSTLT"
"Indhdali Majumdar","ANTTLMJMTR","ANTTLMJMTR"
"Sschean Jones","SXNJNS","SKNJNS"
"Triya NadigEUX","TRNTJKS","TRNTKKS"
"Nihal AtwalIER","NHLTLR","NHLTLR"
"Anika Murthy","ANKMR0","ANKMRT"
"Harita Bedi","HRTPT","HRTPT"
"Charles KadhulIER","XRLSKTLR","XRLSKTLR"
"Rodney WelthlsNGH","RTNL0LSNK","RTNLTLSNK"
"David Meyejhrs","TFTMJRS","TFTMJRS"
"Nataphsha ColonNGH","NTFXKLNK","NTFXKLNK"
"Yauvani ParikhEAU","AFNPRK","AFNPRK"
"Manya Pau","MNP","MNP"
"Champak NayarEUX","XMPKNRKS","XMPKNRKS"
"Victoria Johnson","FKTRJNSN","FKTRHNSN"
"Kai Dua","KT","KT"
"Andrea Fosttzer","ANTRFSTSR","ANTRFSTSR"
"Christina Joseph","KRSTNJSF","KRSTNHSF"
"Aaron HarrisNG","ARNRSNK","ARNRSNK"
"Christopher Scharma","KRSTFRXRM","KRSTFRXRM"
"Mr. Brian Beltran","MRPRNPLTRN","MRPRNPLTRN"
"Widisha Tella","ATXTL","FTXTL"
"Lakshmi KalaIER","LKXMKLR","LKXMKLR"
"Cameron Rodriguez","KMRNRTRKS","KMRNRTRKS"
"David NormanEAU","TFTNRMN","TFTNRMN"
"Dylan Nghavarro","TLNKFR","TLNKFR"
"James Hall","JMXL","AMXL"
"Aschdweta BoraEAU","AXTTPR","AXTTPR"
"Kathy Cole","K0KL","KTKL"
"Harrison Ray","HRSNR","HRSNR"
"Wendy MartinezNG","ANTMRTNSNK","FNTMRTNTSNK"
"Cheryl Wilson","XRLLSN","XRLLSN"
"Thophmas KumarNGH","0FMSKMRNK","TFMSKMRNK"
"Unbhni Handa","ANPNHNT","ANPNHNT"
"Angela WilliamsIER","ANJLLMSR","ANKLLMSR"
"Autumn Rios","ATMNRS","ATMNRS"
"Aarnav Ramakbhrishnan","ARNFRMKPRXNN","ARNFRMKPRXNN"
"Saksham Bakhnik","SKXMPKNK","SKXMPKNK"
"Joshua Wood","JXT","AXT"
"Zayyan NthaiduEUX","SN0TKS","SNTTKS"
"Jeffrey Weibhss","JFRPS","AFRPS"
"Jennifer Harper","JNFRRPR","ANFRRPR"
"Upasna BattaNGH","APSNPTNK","APSNPTNK"
"Unnati Dhar","ANTTR","ANTTR"
"Ronith Ranganathan","RN0RNKN0N","RNTRNKNTN"
"Hritik Puri","RTKPR","RTKPR"
"Omaja Gjhopal","AMJKJPL","AMHKJPL"
"Imaran Sawhnjhey","AMRNSNJ","AMRNSNJ"
"Thomas Becker","TMSPKR","TMSPKR"
"Fitan Kalita","FTNKLT","FTNKLT"
"James ArmstrongEAU","JMSRMSTRNJ","AMSRMSTRNK"
"Jonathan ShenczoyIER","JN0NXNSR","ANTNXNXR"
"Karan ManderNGH","KRNMNTRNK","KRNMNTRNK"
"Atharv KuruvillaNG","A0RFKRFLNK","ATRFKRFLNK"
"Yashica Bawa","AXKP","AXKP"
"Arjun Mallick","ARJNMLK","ARJNMLK"
"Kechith Armstrong","KX0RMSTRNK","KKTRMSTRNK"
"Alexander Sankar","ALKSNTRSNKR","ALKSNTRSNKR"
"Abhiram Andra","APRMNTR","APRMNTR"
"Tara Balay","TRPL","TRPL"
"Viraj Sarna","FRSRN","FRSRN"
"Krishna Toschor","KRXNTXR","KRXNTXR"
"Brenda Carroll","PRNTKRL","PRNTKRL"
"Vincent Verma","FNSNTFRM","FNSNTFRM"
"Kelthly Dalton","KL0LTLTN","KLTLTLTN"
"Kevwitzin Diaz","KFTSNTS","KFFXNTTS"
"Raghav Sastry","RFSSTR","RFSSTR"
"Joy Russell","JRSL","ARSL"
"Qabil Tank","KPLTNK","KPLTNK"
"Jacob GabhrdeEUX","JKPKPRTKS","AKPKPRTKS"
"Samuel Radhakrishnan","SMLRTKRXNN","SMLRTKRXNN"
"Chakradhar Bhatia","XKRTRPX","XKRTRPX"
"Samuel Avila","SMLFL","SMLFL"
"Eesha Kannan","AXKNN","AXKNN"
"Indali Bdhail","ANTLPTL","ANTLPTL"
"Daksh Bali","TKXPL","TKXPL"
"Nancy Martinez","NNSMRTNS","NNSMRTNS"
"Wakeeta SundaramIER","AKTSNTRMR","FKTSNTRMR"
"Daniel Sanford","TNLSNFRT","TNLSNFRT"
"Shivansh NarayanEUX","XFNXNRNKS","XFNXNRNKS"
"Quincy Stsolanki","KNSSTSLNK","KNSSTSLNK"
"Yashawini Ahluwalia","AXNLL","AXNLL"
"Ekalinga Sabharwal","AKLNKSPRL","AKLNKSPRL"
"Itzkbal MerchantEAU","ATSKPLMRXNT","ATSKPLMRKNT"
"Sara BalaEUX","SRPLKS","SRPLKS"
"Ekapad SainiNGH","AKPTSNNK","AKPTSNNK"
"Yashica Mann","AXKMN","AXKMN"
"Adya Rwitzajagopalan","ATRTSJKPLN","ATRFXJKPLN"
"Cody GaschrciaNG","KTKXRSNK","KTKXRXNK"
"Kiaan Sahni","KNSN","KNSN"
"Joann Wdhilliams","JNTLMS","ANTLMS"
"Christijhna Perez","KRSTJNPRS","KRSTJNPRS"
"Jthames Moore","JTMSMR","ATMSMR"
"Ekani KhannaEUX","AKNKNKS","AKNKNKS"
"Timoghthy Mahoney","TMK0MHN","TMKTMHN"
"Robert Dtzave","RPRTTSF","RPRTTSF"
"Kai Sawhney","KSN","KSN"
"Kelly Reynolds","KLRNLTS","KLRNLTS"
"Mitaghli PallaEUX","MTKLPLKS","MTKLPLKS"
"Aishani Apte","AXNPT","AXNPT"
"Janya Dbhoshi","JNTPX","ANTPX"
"Michele Nbhorris","MXLNPRS","MKLNPRS"
"Devansh Srivastava","TFNXSRFSTF","TFNXSRFSTF"
"Ryjhan CarrEUX","RJNKRKS","RJNKRKS"
"Bakhshi Kkhaur","PKXKR","PKXKR"
"Tanbhmayi Uppal","TNPMPL","TNPMPL"
"Jyoti Thakur","JT0KR","ATTKR"
"Alka Dubey","ALKTP","ALKTP"
"Stephanie Hdhill","STFNTL","STFNTL"
"Bethany BowphersEAU","P0NPFRS","PTNPFRS"
"Wazir SacharNGH","ASRSKRNK","FTSRSKRNK"
"Cheryl RobinsonEUX","XRLRPNSNKS","XRLRPNSNKS"
"Destiny Abdhbott","TSTNPTPT","TSTNPTPT"
"Todd Walter","TTLTR","TTLTR"
"Nihbhal Dani","NPLTN","NPLTN"
"Simon KhuranaNGH","SMNKRNNK","SMNKRNNK"
"Darika Rajan","TRKRJN","TRKRJN"
"Zachary Beck","SKRPK","SKRPK"
"Jeffrey Willis","JFRLS","AFRLS"
"Danny Ortiz","TNRTS","TNRTS"
"Chavvi Buch","XFPK","XFPK"
"Kelly Rodriguez","KLRTRKS","KLRTRKTS"
"Tristan Taneja","TRSTNTNJ","TRSTNTNH"
"Ekta Sthetty","AKTS0T","AKTSTT"
"Kristine Johnson","KRSTNJNSN","KRSTNJNSN"
"Cesar Kelly","SSRKL","SSRKL"
"Amy ButlerIER","AMPTLR","AMPTLRR"
"Ophjasvi Batta","AFJSFPT","AFJSFPT"
"Jeremiah Tata","JRMTT","ARMTT"
"Katie Park","KTPRK","KTPRK"
"Alexandria SmtzithNGH","ALKSNTRSMTS0NK","ALKSNTRSMTSTNK"
"Alicia Austin","ALSSTN","ALXSTN"
"Aarush Sheth","ARXX0","ARXXT"
"Jghulie Vazquez","JKLFSKS","AKLFSKS"
"Aachal Kankhda","AXLKNKT","AKLKNKT"
"Megha Zacharia","MSKR","MSKR"
"James Green","JMSKRN","AMSKRN"
"Diana Reynolds","TNRNLTS","TNRNLTS"
"Ophmya Lata","AFMLT","AFMLT"
"Triveni Khatri","TRFNKTR","TRFNKTR"
"Oliver DharEAU","ALFRTR","ALFRTR"
"Rachit Varghese","RXTFRKS","RKTFRKS"
"Nathaniel Lynch","N0NLNX","NTNLNK"
"Chanchal Shetty","XNXLXT","XNKLXT"
"Liam Suresh","LMSRX","LMSRX"
"Ira Bawa","ARP","ARP"
"Chameli Wadhwa","XMLT","XMLT"
"Dr. Amy WhiteNG","TRMTNK","TRMTNK"
"Simon Apte","SMNPT","SMNPT"
"Nathschan Robbins","N0XNRPNS","NTXNRPNS"
"Finn Rebhddy","FNRPT","FNRPT"
"Kitsaan Karan","KTSNKRN","KTSNKRN"
"Dev GanesanNGH","TFKNSNK","TFKNSNK"
"Devika Agrawal","TFKKRL","TFKKRL"
"Carolyn MartinNG","KRLNMRTNK","KRLNMRTNK"
"Mitali Agate","MTLKT","MTLKT"
"Tyler GrossIER","TLRKRS","TLRKRSR"
"Bhjhanumati ApteEUX","PJNMXPTKS","PJNMXPTKS"
"Matthew Weber","M0PR","MTPR"
"Jessica KimEUX","JSKKMKS","ASKKMKS"
"Aarna Pai","ARNP","ARNP"
"Patrick Torres","PTRKTRS","PTRKTRS"
"Julie Davis","JLTFS","ALTFS"
"Vasakhtika Kar","FSKTKKR","FSKTKKR"
"Karen RamosIER","KRNRMSR","KRNRMSR"
"Ekanschta ShroffIER","AKNXTXRFR","AKNXTXRFR"
"Janya Raj","JNRJ","ANR"
"Yabhmini RamaswamyEUX","APMNRMSMKS","APMNRMSMKS"
"Dominic BaradEUX","TMNKPRTKS","TMNKPRTKS"
"Harini Kuthnda","HRNK0NT","HRNKTNT"
"Onkar Panchal","ANKRPNXL","ANKRPNKL"
"William Clark","ALMKLRK","FLMKLRK"
"Wishi De","AXT","FXT"
"Anjali Jhavcheri","ANJLJFXR","ANJLJFKR"
"Tina Stephens","TNSTFNS","TNSTFNS"
"Anay GopalNGH","ANKPLNK","ANKPLNK"
"Caleb Konda","KLPKNT","KLPKNT"
"Ekbal Halder","AKPLLTR","AKPLLTR"
"Jajhgvi Sarin","JJKFSRN","AJKFSRN"
"David Thomas","TFTMS","TFTMS"
"Kyle BeckerNGH","KLPKRNK","KLPKRNK"
"Hamsini KhuranaIER","HMSNKRNR","HMSNKRNR"
"Andrea Taylczor","ANTRTLSR","ANTRTLXR"
"Rachit Varkey","RXTFRK","RKTFRK"
"Harsh Thaman","HRXTMN","HRXTMN"
"Falan Kala","FLNKL","FLNKL"
"Devansh Wali","TFNXL","TFNXL"
"Thomas Cooper","TMSKPR","TMSKPR"
"Oscar Khanna","ASKRKN","ASKRKN"
"Kenneth Blevins","KN0PLFNS","KNTPLFNS"
"Yashasvi Subramdhanian","AXSFSPRMTNN","AXSFSPRMTNN"
"Nachiket Boase","NXKTPS","NKKTPS"
"Joshua Coststa","JXKSTST","AXKSTST"
"Joshua Thompson","JXTMPSN","AXTMPSN"
"Ewitzdward Carroll","ATSTRTKRL","AFXTRTKRL"
"Dajhvid Duncan","TJFTNKN","TJFTNKN"
"Brittney Coleman","PRTNKLMN","PRTNKLMN"
"Lauren Echvans","LRNKFNS","LRNKFNS"
"Wgharjas Baria","KRJSPR","KRJSPR"
"Ricky ThomasEAU","RKTMS","RKTMS"
"Vrinda Shetty","FRNTXT","FRNTXT"
"Pradhtyush RavelNGH","PRTTXRFLNK","PRTTXRFLNK"
"Nitara OzaNG","NTRSNK","NTRSNK"
"Colin Perez","KLNPRS","KLNPRS"
"Falak BuchIER","FLKPXR","FLKPKR"
"Ucchal DgharaEUX","AXLTKRKS","AXLTKRKS"
"Tracy Rachmos","TRSRKMS","TRSRKMS"
"Hemal Dua","HMLT","HMLT"
"Toni JchohnstonEUX","TNJXNSTNKS","TNJKNSTNKS"
"Rakhdha Narang","RKTNRNK","RKTNRNK"
"Advika Patil","ATFKPTL","ATFKPTL"
"Oviya Chatterbhjee","AFXTRPJ","AFKTRPJ"
"Harshil NattIER","HRXLNT","HRXLNTR"
"Lindsay Rodriguez","LNTSRTRKS","LNTSRTRKS"
"Aarutzsh ChadaEUX","ARTSXXTKS","ARTSXKTKS"
"Rehaan KibeNGH","RHNKPNK","RHNKPNK"
"William Buckley","ALMPKL","FLMPKL"
"Nicholas Dutt","NXLSTT","NKLSTT"
"Kai CghhowdhuryNG","KKTRNK","KKTRNK"
"Chaitanya Dutt","XTNTT","XTNTT"
"Ryan AllenNG","RNLNK","RNLNK"
"Janani Shetty","JNNXT","ANNXT"
"Michael Porter","MKLPRTR","MXLPRTR"
"Rajeshri Srivastava","RJXRSRFSTF","RJXRSRFSTF"
"Aadi Nadig","ATNTK","ATNTK"
"Ridhi ShereNGH","RTXRNK","RTXRNK"
"Yachana Dugar","AXNTKR","AKNTKR"
"Spencer BradleyNG","SPNSRPRTLNK","SPNSRPRTLNK"
"Gunbir SuraNGH","KNPRSRNK","KNPRSRNK"
"Dawitzniel Harrington","TTSNLRNKTN","TFXNLRNKTN"
"Elijah Bedi","ALJPT","ALHPT"
"Amruta Seshadri","AMRTSXTR","AMRTSXTR"
"Yahvi GuptaEAU","AFKPT","AFKPT"
"Utkarsh KoshyEUX","ATKRXKXKS","ATKRXKXKS"
"Alexandra CurtisNG","ALKSNTRKRTSNK","ALKSNTRKRTSNK"
"Ekajhpad Mody","AKJPTMT","AKJPTMT"
"Robert Cabrera","RPRTKPRR","RPRTKPRR"
"Rthussell Kennedy","R0SLKNT","RTSLKNT"
"Falan RoutEAU","FLNRT","FLNRT"
"James Montes","JMSMNTS","AMSMNTS"
"Patrick Halder","PTRKLTR","PTRKLTR"
"Jagrati HaldczerEAU","JKRTHLTSR","AKRTHLTXR"
"Max Bajwa","MKSPJ","MKSPJ"
"Advay Dora","ATFTR","ATFTR"
"Ekapad PuriIER","AKPTPRR","AKPTPRR"
"Harita SibalNG","HRTSPLNK","HRTSPLNK"
"Lucky Kumar","LKKMR","LKKMR"
"Aradhwitzana WadhwaIER","ARTTSNTR","ARTFXNTR"
"Sudbhiksha NaiduEUX","STPKXNTKS","STPKXNTKS"
"Bhavika KorpalIER","PFKKRPLR","PFKKRPLR"
"Sharon WilsonEAU","XRNLSN","XRNLSN"
"Johnny WarczrenNGH","JNRSRNK","ANRXRNK"
"Zilmil Switzethi","SLMLSTS0","SLMLSFXT"
"Britcztany Bauer","PRTSTNPR","PRTXTNPR"
"Vedhika Kalita","FTKKLT","FTKKLT"
"Christczine Williams","KRSTSNLMS","KRSTXNLMS"
"Ucchal ChbherianEUX","AXLXPRNKS","AXLKPRNKS"
"Lphila Mangal","LFLMNKL","LFLMNKL"
"William Chana","ALMXN","FLMKN"
"Hamsini TiwariNGH","HMSNTRNK","HMSNTRNK"
"Jeffery Jotshnson","JFRJTXNSN","AFRHTXNSN"
"Shivatzni Memon","XFTSNMMN","XFTSNMMN"
"Jasmit Mandal","JSMTMNTL","ASMTMNTL"
"Charldhes MalhotraNG","XRLTSMLTRNK","XRLTSMLTRNK"
"Alyssa Hancczock","ALSHNKSK","ALSHNKTSK"
"Amber Gregory","AMPRKRKR","AMPRKRKR"
"Jonatkhhan EstradaEAU","JNTKNSTRT","ANTKNSTRT"
"Divya Nanda","TFNNT","TFNNT"
"Zilwitzmil Kumer","SLTSMLKMR","SLFXMLKMR"
"Eugethne Alvarez","AK0NLFRS","AKTNLFRS"
"Maanas SoczodIER","MNSSTR","MNSXTR"
"Vetsdika RayIER","FTSTKRR","FTSTKRR"
"Travis Montgomery","TRFSMNTKMR","TRFSMNTKMR"
"Julie Smith","JLSM0","ALSMT"
"Zarna Mannan","SRNMNN","SRNMNN"
"Saksham Mighsra","SKXMSR","SKXMSR"
"Tanveer JohalIER","TNFRJHL","TNFRJHLR"
"Bryan HoldenEAU","PRNLTN","PRNLTN"
"Laban Badami","LPNPTM","LPNPTM"
"Kathy Gill","K0JL","KTKL"
"Ishanvi KhoslaNGH","AXNFKSLNK","AXNFKSLNK"
"Christine Wilson","KRSTNLSN","KRSTNLSN"
"Arya Shroff","ARXRF","ARXRF"
"Robert EdwardsEUX","RPRTTRTSKS","RPRTTRTSKS"
"Christopher Jones","KRSTFRJNS","KRSTFRJNS"
"Grachce Conrad","KRKSKNRT","KRKSKNRT"
"Karen Juarez","KRNJRS","KRNJRTS"
"Daniel Everett","TNLFRT","TNLFRT"
"Girindra BalNG","JRNTRPLNK","KRNTRPLNK"
"Michelle MillerIER","MXLMLR","MKLMLRR"
"Leena ShaNG","LNXNK","LNXNK"
"George BlairNGH","JRJPLRNK","KRKPLRNK"
"Ekanta Krish","AKNTKRX","AKNTKRX"
"Aarna LalEUX","ARNLLKS","ARNLLKS"
"Nidhi SawhneyEUX","NTSNKS","NTSNKS"
"Oghdika BeraEAU","ATKPR","ATKPR"
"Chameli SthodhiNG","XMLS0TNK","XMLSTTNK"
"Charita DinNG","XRTTNK","XRTTNK"
"Chaitanya Sengupta","XTNSNKPT","XTNSNKPT"
"Natasha Shaffer","NTXXFR","NTXXFR"
"Onkhveer Bhargava","ANKFRPRKF","ANKFRPRKF"
"Laurie Melendez MD","LRMLNTSMT","LRMLNTSMT"
"Faris Lschalla","FRLXL","FRLXL"
"Sneha Soni","SNHSN","XNHSN"
"Jon Irwin","JNRN","ANRN"
"John NubhnezEUX","JNPNSKS","ANPNSKS"
"Zaitra Ntzaidu","STRNTST","STRNTST"
"Gaurangi Keer","KRNJKR","KRNKKR"
"Pushti BhaktaNG","PXTPKTNK","PXTPKTNK"
"Renee FordNG","RNFRTNK","RNFRTNK"
"Thomas Ray","TMSR","TMSR"
"Aadhya Borde","ATPRT","ATPRT"
"Brittany Le","PRTNL","PRTNL"
"Guneet Dhingra","KNTNKR","KNTNKR"
"Ridhi BattaNGH","RTPTNK","RTPTNK"
"Noah Rabhtti","NRPT","NRPT"
"Crthystal Martinez","KR0STLMRTNS","KRTSTLMRTNS"
"Adam MukhrphyIER","ATMKRFR","ATMKRFR"
"Dylan AdkinsIER","TLNTKNSR","TLNTKNSR"
"Ubika Haldjher","APKHLTJR","APKHLTJR"
"Umang Krishna","AMNKKRXN","AMNKKRXN"
"Michelle Leach","MXLLK","MKLLK"
"Balveer Chauwitzdhary","PLFRXTSTR","PLFRKFXTR"
"Agastya WasonEUX","AKSTSNKS","AKSTSNKS"
"Dayita Singhal","TTSNKL","TTSNKL"
"William Pearson","ALMPRSN","FLMPRSN"
"Chakrika Venkatesh","XKRKFNKTX","XKRKFNKTX"
"Aadi RamNG","ATRMNK","ATRMNK"
"Adya Gaczndhi","ATKSNT","ATKXNT"
"Dr. Janet VaughnEAU","TRJNTFKN","TRJNTFKN"
"Vinabhya Gopal","FNPKPL","FNPKPL"
"Udyati KarnikNG","ATTKRNKNK","ATTKRNKNK"
"Erin Nunez","ARNNS","ARNNS"
"Vincent Gidhll","FNSNTJTL","FNSNTKTL"
"Odika Oza","ATKS","ATKTS"
"Autumn Wchest","ATMNXST","ATMNKST"
"Carolyn Burns","KRLNPRNS","KRLNPRNS"
"Bimala BabuIER","PMLPP","PMLPPR"
"Vasudha Raju","FSTRJ","FSTRJ"
"Oni NigamNG","ANNKMNK","ANNKMNK"
"Jyoti SawhneyEUX","JTSNKS","ATSNKS"
"Omar Schneschider","AMRXNXTR","AMRXNXTR"
"Aachal Narasimhan","AXLNRSMN","AKLNRSMN"
"Anvi Bajaj","ANFPJJ","ANFPH"
"Bimala Bains","PMLPNS","PMLPNS"
"Dighamond Myers","TMNTMRS","TMNTMRS"
"Ishaan Chauthdry","AXNX0TR","AXNKTTR"
"Michelle Cthlark","MXLK0LRK","MKLKTLRK"
"Imaran RasphtogiEAU","AMRNRSFTJ","AMRNRSFTK"
"Jason Kennedy","JSNKNT","ASNKNT"
"Faras Chhabra","FRXPR","FRXPR"
"Hemani Panbhchal","HMNPNPXL","HMNPNPKL"
"Stscheven Williamson","STXFNLMSN","STXFNLMSN"
"Anita Parikh","ANTPRK","ANTPRK"
"Donald MarksNG","TNLTMRKSNK","TNLTMRKSNK"
"Widisha KaphrpeEAU","ATXKFRP","FTXKFRP"
"Ijhsha Dugar","AJXTKR","AJXTKR"
"Howard Reyes","HRTRS","HRTRS"
"Charles Hays","XRLXS","XRLXS"
"Balvtsan Thaman","PLFTSNTMN","PLFTSNTMN"
"Ganga Yakhdav","KNKKTF","KNKKTF"
"Wendy LambertNGH","ANTLMPRTNK","FNTLMPRTNK"
"Jay JohnsonEAU","JJNSN","AHNSN"
"Janwitzani Gera","JNTSNJR","ANFXNKR"
"Btzrandon Harrington","PTSRNTNRNKTN","PTSRNTNRNKTN"
"James Turner","JMSTRNR","AMSTRNR"
"Vedika Mishra","FTKMXR","FTKMXR"
"Falan Kiczbe","FLNKSP","FLNKXP"
"Gabriel Chahchal","KPRLXXL","KPRLKKL"
"Kim Montgomery","KMNTKMR","KMNTKMR"
"Charbhles Joshi","XRPLSX","XRPLSX"
"Veda Narchang","FTNRXNK","FTNRKNK"
"Wanda Smthith","ANTSM00","FNTSMTT"
"Zansi Methrchant","SNSM0RXNT","SNSMTRKNT"
"Benjczamin MilesNGH","PNJSMNMLSNK","PNJXMNMLSNK"
"Jatin Arwitzora","JTNRTSR","ATNRFXR"
"Amara Trbhivedi","AMRTRPFT","AMRTRPFT"
"Dennis Yu","TNS","TNS"
"Isaiah WasonEAU","ASSN","ASSN"
"Jabhcob Halder","JPKPLTR","APKPLTR"
"Carbholyn ShawNG","KRPLNXNK","KRPLNXNK"
"Varsha More","FRXMR","FRXMR"
"Harshil NagarEAU","HRXLNKR","HRXLNKR"
"Couphrtney Wiley","KFRTNL","KFRTNL"
"Harrison DabhdaNGH","HRSNTPTNK","HRSNTPTNK"
"Ishaan PanchalNGH","AXNPNXLNK","AXNPNKLNK"
"Pavani Malhotra","PFNMLTR","PFNMLTR"
"William Day","ALMT","FLMT"
"Cameron Byrd","KMRNPRT","KMRNPRT"
"Ms. Debbie Watts","MSTPTS","MSTPTS"
"Abeer Sawhndhey","APRSNT","APRSNT"
"Ellen Johnson","ALNJNSN","ALNJNSN"
"Andrew Wagner","ANTRKNR","ANTRKNR"
"Chandran Baphkshi","XNTRNPFKX","XNTRNPFKX"
"Allen BartonNG","ALNPRTNK","ALNPRTNK"
"Falguni Baria","FLKNPR","FLKNPR"
"Dipta Dubey","TPTTP","TPTTP"
"Kimberly Soto","KMPRLST","KMPRLST"
"Heather Hudson","H0RTSN","HTRTSN"
"Kala Ramaswamy","KLRMSM","KLRMSM"
"Ctsarla Wolf","KTSRLLF","KTSRLLF"
"Laura Phillips","LRFLPS","LRFLPS"
"Samkharth Sridhar","SMKR0SRTR","SMKRTSRTR"
"Rjheyansh Ramesh","RJNXRMX","RJNXRMX"
"Nicole Rangel","NKLRNJL","NKLRNKL"
"David Mccann","TFTMKN","TFTMKN"
"Abhimanyu Bath","APMNP0","APMNPT"
"Mphaanas Ganesh","MFNSKNX","MFNSKNX"
"Pallavi BghhallaNG","PLFPKLNK","PLFPKLNK"
"Chaitaczly BhagatEAU","XTSLPKT","XTXLPKT"
"Todd MaysNGH","TTMSNK","TTMSNK"
"Lighbni Narang","LPNNRNK","LPNNRNK"
"Johcznny Hawkins","JSNHKNS","AXNHKNS"
"William Berry","ALMPR","FLMPR"
"Jonathan ArnczoldIER","JN0NRNSLTR","ANTNRNXLTR"
"Shawn Rosales","XNRSLS","XNRSLS"
"Andhthony Chacko","ANT0NXK","ANTTNKK"
"Ryan HamiltonEUX","RNMLTNKS","RNMLTNKS"
"Wishi PalanEAU","AXPLN","FXPLN"
"Pavani KabhrpeEUX","PFNKPRPKS","PFNKPRPKS"
"Leah Eaton","LHTN","LHTN"
"Chanchal Sthachdeva","XNXLS0KTF","XNKLSTKTF"
"Garrtsett Snyder","KRTSTSNTR","KRTSTSNTR"
"Veronica PhillipsIER","FRNKFLPS","FRNKFLPSR"
"Michael AdghamsNG","MKLTKMSNK","MXLTKMSNK"
"Amara Bhasin","AMRPSN","AMRPSN"
"Metsera Krish","MTSRKRX","MTSRKRX"
"Alictzia Thompson","ALKTSTMPSN","ALKTSTMPSN"
"John Reynolds","JNRNLTS","ANRNLTS"
"Priya NayarNG","PRNRNK","PRNRNK"
"Edhitha Nair","AT0NR","ATTNR"
"Niharika Dave","NHRKTF","NHRKTF"
"Thomczas WileyIER","TMSSLR","TMXSLR"
"Turvi DasguptaIER","TRFTSKPT","TRFTSKPTR"
"Vphinaya Raju","FFNRJ","FFNRJ"
"Andrea Miller","ANTRMLR","ANTRMLR"
"Ekansh BaczssiNGH","AKNXPSSNK","AKNXPXSNK"
"Shannon Osborne","XNNSPRN","XNNSPRN"
"Jenna MilesEUX","JNMLSKS","ANMLSKS"
"Tanish Murthy","TNXMR0","TNXMRT"
"Megha Hari","MHR","MHR"
"Sttzefanie Lin","STSFNLN","STSFNLN"
"Osha WadhwaEAU","AXT","AXT"
"Bimala Bir","PMLPR","PMLPR"
"Urishilla Sachdev","ARXLSKTF","ARXLSKTF"
"Rejhbecca Wood","RJPKT","RJPKT"
"Yashvi Padmanabhan","AXFPTMNPN","AXFPTMNPN"
"Jereghmiah CraigNG","JRKMKRNK","ARKMKRKNK"
"Gauri Batta","KRPT","KRPT"
"Ekiya Brar","AKPRR","AKPRR"
"Mark Garcia","MRKKRS","MRKKRX"
"Ishwar ShereEAU","AXRXR","AXRXR"
"Anamika Virk","ANMKFRK","ANMKFRK"
"Mohphini Sethi","MFNS0","MFNST"
"Danielle Smkhith","TNLSMK0","TNLSMKT"
"Jamie Santos","JMSNTS","AMSNTS"
"Ishanvi Jhaveri","AXNFJFR","AXNFJFR"
"Kristine WatsonIER","KRSTNTSNR","KRSTNTSNR"
"Hemangini NagarajwitzanIER","HMNJNNKRJTSNR","HMNKNNKRJFXNR"
"Chakrika SghridharEAU","XKRKSKRTR","XKRKSKRTR"
"Danny Newman","TNNMN","TNNMN"
"Raagini Mchinhas","RJNMXNS","RKNMKNS"
"Hema Tailor","HMTLR","HMTLR"
"Briachna Walker","PRKNLKR","PRKNLKR"
"Takhra Bhatnagar","TKRPTNKR","TKRPTNKR"
"Keya GanesanEAU","KKNSN","KKNSN"
"Chelsea Scott","XLSSKT","XLSSKT"
"Bridhan Stewart","PRTNSTRT","PRTNSTRT"
"Ethrin Williams","A0RNLMS","ATRNLMS"
"Leela DewanEUX","LLTNKS","LLTNKS"
"Shawn GuekhrreroIER","XNKKRRR","XNKKRRR"
"David WintersEUX","TFTNTRSKS","TFTNTRSKS"
"Vanessa Parks","FNSPRKS","FNSPRKS"
"Faris ZachariaEUX","FRSKRKS","FRXKRKS"
"Rajata Rajan","RJTRJN","RHTRHN"
"Yash Nadghkarni","AXNTKKRN","AXNTKKRN"
"Tamanna Din","TMNTN","TMNTN"
"Oczscar Mann","ASSKRMN","AXSKRMN"
"Tamanna Badal","TMNPTL","TMNPTL"
"Jchalsa Boase","JXLSPS","AKLSPS"
"Mr. Jaschck ReyesEUX","MRJXKRSKS","MRJXKRSKS"
"Daniel CamachoNG","TNLKMKNK","TNLKMKNK"
"Sharon WilliamsNGH","XRNLMSNK","XRNLMSNK"
"Ragghhav Nadig","RKFNTK","RKFNTK"
"Mitchell Hensley","MXLNSL","MXLNSL"
"George TanejaEAU","JRKTNJ","KRKTNH"
"Tamanna Raj","TMNRJ","TMNR"
"Luke Mkhemon","LKMKMN","LKMKMN"
"Steven Evatzns","STFNFTSNS","STFNFTSNS"
"Vanya Sarkar","FNSRKR","FNSRKR"
"Baljiwan Bhavsar","PLNPFSR","PLNPFSR"
"Summer Mchosley","SMRMXSL","SMRMKSL"
"Benjamin Mujhni","PNJMNMJN","PNJMNMJN"
"Atharv Varghma","A0RFRKM","ATRFRKM"
"Lajita Rau","LJTR","LJTR"
"Upkaar RajhjaNG","APKRJJNK","APKRJJNK"
"Damini Varkey","TMNFRK","TMNFRK"
"Richard Lowe","RXRTL","RKRTL"
"Brenda GkharciaEUX","PRNTKKRSKS","PRNTKKRXKS"
"Aarav Mallick","ARFMLK","ARFMLK"
"Tristdhan PanditNGH","TRSTNPNTTNK","TRSTNPNTTNK"
"Alexandra Lophwe","ALKSNTRLF","ALKSNTRLF"
"Ayaan Gokhale","ANKKL","ANKKL"
"Chandathni RattanEAU","XNT0NRTN","XNTTNRTN"
"Kathleen DaschwsonNGH","K0LNTXSNK","KTLNTXSNK"
"Urishilla Lanka","ARXLLNK","ARXLLNK"
"Stedhphen DavisIER","STTFNTFS","STTFNTFSR"
"Melissa Cantu","MLSKNT","MLSKNT"
"Chaphnakya Suri","XFNKSR","XFNKSR"
"Xavier Kale","SFRKL","SFRKL"
"Unni Switzhah","ANSTS","ANSFX"
"Chaitaly BajajEUX","XTLPJJKS","XTLPHJKS"
"Daniel Young","TNLNK","TNLNK"
"Natasha Moore","NTXMR","NTXMR"
"Aatshana Aggarwal","ATXNKRL","ATXNKRL"
"Sneha Khalsa","SNHKLS","XNHKLS"
"Barkha Varkey","PRKFRK","PRKFRK"
"Riya SinghEAU","RSNK","RSNK"
"Kenneth Spencer","KN0SPNSR","KNTSPNSR"
"Ikshita Char","AKXTKR","AKXTKR"
"Victor Palla","FKTRPL","FKTRPL"
"Cheryl Rojas","XRLRJS","XRLRHS"
"Hemal MohanNG","HMLMHNK","HMLMHNK"
"Vphiraj ContractorIER","FFRJKNTRKTR","FFRJKNTRKTRR"
"Charvi Dbhyal","XRFTPL","XRFTPL"
"Yauvani Kadakia","AFNKTK","AFNKTK"
"Zachary CoobhperIER","SKRKPPR","SKRKPPRR"
"Glenn Bartlett","KLNPRTLT","KLNPRTLT"
"Alka Narain","ALKNRN","ALKNRN"
"Dawn Elliott","TNLT","TNLT"
"Timbhothy Young","TMP0NK","TMPTNK"
"Kribhshna Nagar","KRPXNNKR","KRPXNNKR"
"Tina Long","TNLNK","TNLNK"
"Sara CbhhandaIER","SRKPNT","SRKPNTR"
"Ikwitzbal Krishnan","AKTSPLKRXNN","AKFXPLKRXNN"
"Odika Tailor","ATKTLR","ATKTLR"
"Jonaghthan Hanna","JNK0NN","ANKTNN"
"Chandran Djheep","XNTRNTJP","XNTRNTJP"
"Jambhes Dominguez","JMPSTMNKS","AMPSTMNKS"
"Alyssa TurnerNG","ALSTRNRNK","ALSTRNRNK"
"Rehaan Lad","RHNLT","RHNLT"
"Michael Ruiz","MKLRS","MXLRS"
"Asjhhlee ThompsonEUX","ASLTMPSNKS","ASLTMPSNKS"
"Urvashi Subramaniam","ARFXSPRMNM","ARFXSPRMNM"
"Ekalinga Mander","AKLNKMNTR","AKLNKMNTR"
"Vcharsha PauIER","FXRXP","FKRXPR"
"Lauren WagnerNG","LRNKNRNK","LRNKNRNK"
"Gavin ShereNG","KFNXRNK","KFNXRNK"
"Wriddhish Tak","RTXTK","RTXTK"
"Kashvi Banik","KXFPNK","KXFPNK"
"Amara Palan","AMRPLN","AMRPLN"
"Onveer Varghghese","ANFRFRKKS","ANFRFRKKS"
"Mohini KarpeEUX","MHNKRPKS","MHNKRPKS"
"Elizabpheth Martinez","ALSPF0MRTNS","ALSPFTMRTNS"
"Kavya TakEAU","KFTK","KFTK"
"Harini Issac","HRNSK","HRNSK"
"Jonathan Guerreczro","JN0NKRSR","ANTNKRXR"
"Mabhnya Kade","MPNKT","MPNKT"
"Margaret CampbhbellEUX","MRKRTKMPPLKS","MRKRTKMPPLKS"
"Raagini Kphade","RJNKFT","RKNKFT"
"Lavanya PatphelIER","LFNPTFL","LFNPTFLR"
"Urmi MistryEUX","ARMMSTRKS","ARMMSTRKS"
"Renee Carney","RNKRN","RNKRN"
"Dhruv De","TRFT","TRFT"
"Hemang MisraEAU","HMNKMSR","HMNKMSR"
"Udyati Kadakia","ATTKTK","ATTKTK"
"Omya Bahri","AMPR","AMPR"
"Michelle Mthoore","MXLM0R","MKLMTR"
"Ekapad Kritzshna","AKPTKRTSXN","AKPTKRTSXN"
"Eta Radhvi","ATRTF","ATRTF"
"Sean RkhoseEUX","SNRKSKS","SNRKSKS"
"Tristan BhagatEUX","TRSTNPKTKS","TRSTNPKTKS"
"Joseph Medina","JSFMTN","HSFMTN"
"Victor Jones","FKTRJNS","FKTRJNS"
"Wridesh OommenNGH","RTXMNK","RTXMNK"
"Sara HansNGH","SRHNSNK","SRHNSNK"
"Kalpit Sheth","KLPTX0","KLPTXT"
"John Lopez","JNLPS","ANLPS"
"Samaksh BansalIER","SMKXPNSLR","SMKXPNSLR"
"Yug Ratta","AKRT","AKRT"
"Santsya GourEAU","SNTSKR","SNTSKR"
"Sneha MurtyEUX","SNHMRTKS","XNHMRTKS"
"Terri Ramirez","TRRMRS","TRRMRS"
"Tammy Smith","TMSM0","TMSMT"
"Isaac Ben","ASKPN","ASKPN"
"Derek Grahdham","TRKKRTM","TRKKRTM"
"Mugdha Rana","MKTRN","MKTRN"
"Ucchal DassEUX","AXLTSKS","AXLTSKS"
"Lori Sjhantiago","LRSNXK","LRSNXK"
"Roberdhto Stone","RPRTTSTN","RPRTTSTN"
"Angela Ptsierce","ANJLPTSRS","ANKLPTSRS"
"Odika Chakraborty","ATKKKRPRT","ATKKKRPRT"
"Frederick Kohli","FRTRKKL","FRTRKKL"
"Hredhatzan Pal","RTTSNPL","RTTSNPL"
"Haczrrison Devan","HSRSNTFN","HXRSNTFN"
"Alyssa Allen","ALSLN","ALSLN"
"Zehaan Jain","SHNJN","SHNJN"
"Sarah Pwitzarker","SRPTSRKR","SRPFXRKR"
"Anjali Chakraborty","ANJLXKRPRT","ANJLKKRPRT"
"Yash Doshi","AXTX","AXTX"
"Dachniel Diaz","TKNLTS","TKNLTS"
"Eric ChenNGH","ARXNK","ARXNK"
"Martha Cross","MR0KRS","MRTKRS"
"Harish Ahluwalia","HRXLL","HRXLL"
"Aaron Mschayer","ARNMXR","ARNMXR"
"Terry Carr","TRKR","TRKR"
"Parkczer Sanchez","PRKSRSNXS","PRKXRSNKTS"
"Omaja VargheseNG","AMJFRKSNK","AMHFRKSNK"
"Ganga Shanker","KNKXNKR","KNKXNKR"
"Sathvik Mander","S0FKMNTR","STFKMNTR"
"Sudiksha HegdeIER","STKXHKTR","STKXHKTR"
"Nisha Kanda","NXKNT","NXKNT"
"Jennifer Garcia","JNFRKRS","ANFRKRX"
"Courkhtney Hayes","KRKTNHS","KRKTNHS"
"Megha Edwin","MTN","MTN"
"Ptzooja Magar","PTSJMKR","PTSHMKR"
"Divczya Merchant","TFSMRXNT","TFXMRKNT"
"Nitara Dara","NTRTR","NTRTR"
"Albwitzert Turner","ALPTSRTRNR","ALPFXRTRNR"
"Maanav Virk","MNFRK","MNFRK"
"Justin Gamble","JSTNKMPL","ASTNKMPL"
"Michael RichosEUX","MKLRXSKS","MXLRKSKS"
"Geetika ParikhEUX","JTKPRKKS","KTKPRKKS"
"Jeremy Brown","JRMPRN","ARMPRN"
"Karan MandalIER","KRNMNTLR","KRNMNTLR"
"Girik JczainNGH","JRKSNK","KRKXNK"
"Advay Kant","ATFKNT","ATFKNT"
"Vscharenya Mallick","FXRNMLK","FXRNMLK"
"Mary JtsonesEAU","MRTSNS","MRTSNS"
"Tammy PetersonEUX","TMPTRSNKS","TMPTRSNKS"
"Logan Gaczra","LKNKSR","LKNKXR"
"Joseph Bond","JSFPNT","HSFPNT"
"Kevin Smith","KFNSM0","KFNSMT"
"Zaid BhargavaIER","STPRKF","STPRKFR"
"Peter Handa","PTRNT","PTRNT"
"Luke Golla","LKKL","LKKL"
"Brooke Lghopez","PRKLKPS","PRKLKPTS"
"Faris ShanEAU","FRSN","FRSN"
"Jeet Sebhthi","JTSP0","ATSPT"
"Warinwitzder Dasgupta","ARNTSTRTSKPT","FRNFXTRTSKPT"
"Zaghitra Rattan","STRRTN","STRRTN"
"Katherine Davis","K0RNTFS","KTRNTFS"
"Oscar MorrisNGH","ASKRMRSNK","ASKRMRSNK"
"Dayathmai Nath","T0MN0","TTMNT"
"Vasudha Bhghasin","FSTPKSN","FSTPKSN"
"Sandra CaseyEUX","SNTRKSKS","SNTRKSKS"
"Austin Sandoval","ASTNSNTFL","ASTNSNTFL"
"Vamakshi Swamy","FMKXSM","FMKXSM"
"Rishi Kala","RXKL","RXKL"
"Rayaan Karan","RNKRN","RNKRN"
"Harrison Gill","HRSNJL","HRSNKL"
"Yashasvi Chawphla","AXSFXFL","AXSFKFL"
"Warjas Bal","ARJSPL","FRJSPL"
"Debbie Robertzson","TPRPRTSSN","TPRPRTSSN"
"Carmjhen Hernandez","KRMJNRNNTS","KRMJNRNNTS"
"Lisa MeltonEAU","LSMLTN","LSMLTN"
"Jason Bhasin","JSNPSN","ASNPSN"
"John MartinezEAU","JNMRTNS","ANMRTNS"
"Umang More","AMNKMR","AMNKMR"
"Rajeshri Setzthi","RJXRSTS0","RJXRSTST"
"Bimala Butala","PMLPTL","PMLPTL"
"Jackson Brar","JKSNPRR","AKSNPRR"
"Christopher CannonEUX","KRSTFRKNNKS","KRSTFRKNNKS"
"James Norris","JMSNRS","AMSNRS"
"Sneha Sama","SNHSM","XNHSM"
"Divya Kala","TFKL","TFKL"
"Anita Keer","ANTKR","ANTKR"
"Wkhendy Smith","KNTSM0","KNTSMT"
"Hiral Badal","HRLPTL","HRLPTL"
"Ishani JainEAU","AXNJN","AXNHN"
"Pahdhal Mander","PTLMNTR","PTLMNTR"
"Falguni JtzoshiNGH","FLKNTSXNK","FLKNTSXNK"
"Datzniel Kulkarni","TTSNLKLKRN","TTSNLKLKRN"
"Chakradtsev TakNGH","XKRTSFTKNK","XKRTSFTKNK"
"Travkhis Vincent","TRFKSFNSNT","TRFKSFNSNT"
"Ichshwar Yohannan","AKXRHNN","AKXRHNN"
"Qadim Oommen","KTMMN","KTMMN"
"Aawitzrnav TalwarNG","ATSRNFTLRNK","AFXRNFTLRNK"
"James Sschnyder","JMSXNTR","AMSXNTR"
"Aachal BhagatEUX","AXLPKTKS","AKLPKTKS"
"Ronith Mittal","RN0MTL","RNTMTL"
"Charvi Jha","XRFJ","XRFJ"
"Hemang GillEUX","HMNKLKS","HMNKLKS"
"Dadhlbir AndraIER","TTLPRNTR","TTLPRNTRR"
"Aaron HoltEUX","ARNLTKS","ARNLTKS"
"Hemangini Rabhvi","HMNJNRPF","HMNKNRPF"
"Hema Palan","HMPLN","HMPLN"
"Yashoda Rattan","AXTRTN","AXTRTN"
"Zwitzinal Tak","STSNLTK","SFXNLTK"
"Amkhanda Smith","AMKNTSM0","AMKNTSMT"
"Omchaja Nadig","AMXJNTK","AMKHNTK"
"Michelle Menphdez","MXLMNFTS","MKLMNFTS"
"Ikshita Thaker","AKXT0KR","AKXTTKR"
"Cesar Jenkins","SSRJNKNS","SSRJNKNS"
"Krisha HandaEUX","KRXHNTKS","KRXHNTKS"
"Paschrth NadkarniEUX","PXR0NTKRNKS","PXRTNTKRNKS"
"Brandon RicharphdsIER","PRNTNRXRFTS","PRNTNRKRFTSR"
"Yjhochana Munshi","AJXNMNX","AJKNMNX"
"Brendan RichardsonNG","PRNTNRXRTSNK","PRNTNRKRTSNK"
"Audjhrey Anderson","ATJRNTRSN","ATJRNTRSN"
"John WalkerIER","JNLKRR","ANLKRR"
"Theodore Shenoy","0TRXN","TTRXN"
"Joanna Flores","JNFLRS","ANFLRS"
"Max Sunder","MKSSNTR","MKSSNTR"
"Indrajit Bava","ANTRJTPF","ANTRJTPF"
"Ekanchta KapoorEAU","AKNKTKPR","AKNKTKPR"
"Kashvi DasguptaEUX","KXFTSKPTKS","KXFTSKPTKS"
"Urvi Anand","ARFNNT","ARFNNT"
"Jennifer Rogers","JNFRKRS","ANFRJRS"
"Gtsavin BrarEAU","KTSFNPRR","KTSFNPRR"
"Matthew LowetsryNGH","M0LTSRNK","MTLTSRNK"
"Adichtya Vasa","ATKTFS","ATKTFS"
"Anthony CharlesNG","AN0NXRLSNK","ANTNKRLSNK"
"Michael Carpenter","MKLKRPNTR","MXLKRPNTR"
"Bhavya Saphnt","PFSFNT","PFSFNT"
"Aashi Iyengar","AXNKR","AXNKR"
"Michelle Myeghrs","MXLMKRS","MKLMKRS"
"Laurie Buctzhanan","LRPKTJNN","LRPKTJNN"
"Kiajhan Walla","KJNL","KJNL"
"Warinder Venkatesh","ARNTRFNKTX","FRNTRFNKTX"
"Matthew Phillips","M0FLPS","MTFLPS"
"Auswitztin ReeseNGH","ASTSTNRSNK","ASFXTNRSNK"
"Rehaan Sem","RHNSM","RHNSM"
"Vedhijhka Chaudhari","FTJKKTR","FTJKKTR"
"Vivaan BorahIER","FFNPRH","FFNPRHR"
"Megan Cross","MKNKRS","MKNKRS"
"Hema WaliaNGH","HMLNK","HMLNK"
"Owen Ratti","ANRT","ANRT"
"Catherine Kjhnox","K0RNKNKS","KTRNKNKS"
"Hitesh Mann","HTXMN","HTXMN"
"Linda Rodghriguez","LNTRTKRKS","LNTRTKRKS"
"Aryan Nazareth","ARNSR0","ARNSRT"
"Advika DhaliwalEUX","ATFKTLLKS","ATFKTLLKS"
"Jennifer Walker","JNFRLKR","ANFRLKR"
"Martin Simmons","MRTNSMNS","MRTNSMNS"
"Margjharet GomezEAU","MRKJRTKMS","MRKJRTKMS"
"Andrew Jhaveri","ANTRJFR","ANTRJFR"
"Mauriphce OlsonNGH","MRFSLSNK","MRFSLSNK"
"Fatzlan NoriEAU","FTSLNR","FTSLNR"
"Ijaya Nadkarni","AJNTKRN","AJNTKRN"
"Danielle ClarkeNGH","TNLKLRKNK","TNLKLRKNK"
"Abhimanyu Amble","APMNMPL","APMNMPL"
"Meredith Roberts","MRT0RPRTS","MRTTRPRTS"
"Ganga ChakrabartiNG","KNKKKRPRTNK","KNKKKRPRTNK"
"Aadi Batssu","ATPTS","ATPTS"
"Radhika Dutta","RTKTT","RTKTT"
"Oliver Sachdev","ALFRSKTF","ALFRSKTF"
"Uwitzpma Sidhu","ATSPMST","AFXPMST"
"Dkhaniel PatelNG","TKNLPTLNK","TKNLPTLNK"
"Wahab RadhakrishnanIER","AHPRTKRXNNR","FHPRTKRXNNR"
"Om TellaEUX","AMTLKS","AMTLKS"
"Saczumya Chakrabarti","SSMXKRPRT","SXMKKRPRT"
"Dphevon Little","TFFNLTL","TFFNLTL"
"Chathnchal HansEAU","X0NXLNS","XTNKLNS"
"Matthew Perez","M0PRS","MTPRTS"
"Urmi Parikh","ARMPRK","ARMPRK"
"Praneel Taghilor","PRNLTKLR","PRNLTKLR"
"Dalaja KarEUX","TLJKRKS","TLJKRKS"
"Rebecca WolfeNGH","RPKLFNK","RPKLFNK"
"James Garcia","JMSKRS","AMSKRX"
"Leah Richardson","LRXRTSN","LRKRTSN"
"Ricardo Jutzarez","RKRTJTSRS","RKRTJTSRS"
"Jentsny Escobar","JNTSNSKPR","ANTSNSKPR"
"Lajita Hegde","LJTHKT","LJTHKT"
"Gagan Dara","KKNTR","KKNTR"
"Andrew LarsonNGH","ANTRLRSNK","ANTRLRSNK"
"Lakshmi PrabhakarNG","LKXMPRPKRNK","LKXMPRPKRNK"
"Jason Parsa","JSNPRS","ASNPRS"
"Charles Othwens","XRLS0NS","XRLSTNS"
"Andrea Jghenkins","ANTRJKNKNS","ANTRJKNKNS"
"Cody Herghnandez","KTHRKNNTS","KTHRKNNTS"
"Upkaar Mandal","APKRMNTL","APKRMNTL"
"Emily Pwitzace","AMLPTSS","AMLPFXS"
"Nidhi Bandi","NTPNT","NTPNT"
"Gaurav BasuEAU","KRFPS","KRFPS"
"Samantha Wilson","SMN0LSN","SMNTLSN"
"Daniel Humphrey","TNLMFR","TNLMFR"
"Charan RavalNGH","XRNRFLNK","XRNRFLNK"
"Lakshit Manda","LKXTMNT","LKXTMNT"
"Tanish KumarNG","TNXKMRNK","TNXKMRNK"
"Bradley Moore","PRTLMR","PRTLMR"
"Michael Brown","MKLPRN","MXLPRN"
"Oeshi Taneja","AXTNJ","AXTNH"
"Daksha NadigEUX","TKXNTJKS","TKXNTKKS"
"Heather Ochoa","H0RX","HTRK"
"Yachana Bhagat","AXNPKT","AKNPKT"
"Jagat Chakraborty","JKXKRPRT","AKXKRPRT"
"Jai Sunder","JSNTR","ASNTR"
"Falguni ZachariahEUX","FLKNSKRHKS","FLKNSKRHKS"
"Majhrk Sanders","MJRKSNTRS","MJRKSNTRS"
"Dayita Bail","TTPL","TTPL"
"Joshua FrancisIER","JXFRNSS","AXFRNSSR"
"Jeevika ChopraIER","JFKKPRR","AFKKPRR"
"Chakradev LalphlaNG","XKRTFLLFLNK","XKRTFLLFLNK"
"Ishwar Comghar","AXRKMKR","AXRKMKR"
"Ktzeith Valenzuela","KTS0FLNSL","KTSTFLNTSL"
"Ryan Anderson","RNNTRSN","RNNTRSN"
"Jodhseph MccormickIER","JTSFMKRMKR","ATSFMKRMKR"
"Cjhhaitanya Mann","KJTNMN","KJTNMN"
"Udant Bava","ATNTPF","ATNTPF"
"Matthew BrownIER","M0PRNR","MTPRNR"
"Tanvi Chokshi","TNFXKX","TNFKKX"
"Isthhanvi Toor","AS0NFTR","ASTNFTR"
"Balvan Yogi","PLFNJ","PLFNK"
"Meghana Jani","MNJN","MNHN"
"Jai ShanNGH","JXNK","AXNK"
"Tripti Sahowitzta","TRPTSHTST","TRPTSHFXT"
"Tripti Parczsa","TRPTPRSS","TRPTPRXS"
"Dev Kant","TFKNT","TFKNT"
"Suzadhnne FletcherNG","SSTNFLXRNK","SSTNFLXRNK"
"Anamika Sczandal","ANMKSKNTL","ANMKSKNTL"
"Pahal KapadiaNGH","PHLKPTNK","PHLKPTNK"
"Andrew Brar","ANTRPRR","ANTRPRR"
"Renee StokesEAU","RNSTKS","RNSTKS"
"Utkarsh De","ATKRXT","ATKRXT"
"Ekavir DugalEUX","AKFRTKLKS","AKFRTKLKS"
"Tyler DavkhiesNGH","TLRTFKSNK","TLRTFKSNK"
"Kgharen Miller","KKRNMLR","KKRNMLR"
"Veda Uppal","FTPL","FTPL"
"Achradhana Biswas","AKRTNPSS","AKRTNPSS"
"Mekhala Bhagat","MKLPKT","MKLPKT"
"Michael Ellkhis","MKLLKS","MXLLKS"
"Qabil MitterEAU","KPLMTR","KPLMTR"
"Kelsey GoodwinNG","KLSKTNK","KLSKTNK"
"Lori MartghinNG","LRMRTKNK","LRMRTKNK"
"Akshay Naik","AKXNK","AKXNK"
"Rushil VigNG","RXLFNK","RXLFKNK"
"Andrew CollinsNGH","ANTRKLNSNK","ANTRKLNSNK"
"Gregory Cain","KRKRKN","KRKRKN"
"Agastya Pingle","AKSTPNKL","AKSTPNKL"
"Netra Dhawan","NTRTN","NTRTN"
"Yuvraj Dyal","AFRJTL","AFRJTL"
"Lisa Thomas","LSTMS","LSTMS"
"Bhavini Edphwin","PFNTFN","PFNTFN"
"Nathkul SarkarNG","N0KLSRKRNK","NTKLSRKRNK"
"Sally Herrera","SLHRR","SLHRR"
"Maanav Sathni","MNFS0N","MNFSTN"
"Denise Harmon","TNSHRMN","TNSHRMN"
"Lisa Herrera","LSHRR","LSHRR"
"Theodore Bhalla","0TRPL","TTRPL"
"Owen Mishra","ANMXR","ANMXR"
"Cynthia JenkdhinsIER","SN0JNKTNSR","SNTJNKTNSR"
"Tamanna Dash","TMNTX","TMNTX"
"Adhkshay Mohan","ATKXMHN","ATKXMHN"
"Nwitzathaniel GollaEUX","NTS0NLKLKS","NFXTNLKLKS"
"Yashodhara Chanda","AXTRKNT","AXTRKNT"
"Preston Valenwitzcia","PRSTNFLNTSS","PRSTNFLNFXX"
"Shghivani RaoEUX","XKFNRKS","XKFNRKS"
"Tritzya Bhasin","TRTSPSN","TRTSPSN"
"Zinchal ManiNGH","SNXLMNNK","SNKLMNNK"
"Chandabhni Ahuja","XNTPNHJ","XNTPNHH"
"Chandran HkhariNG","XNTRNKRNK","XNTRNKRNK"
"Kimberly WattsNGH","KMPRLTSNK","KMPRLTSNK"
"Christztopher BhattNGH","KRSTSTFRPTNK","KRSTSTFRPTNK"
"Scott JohnsonNGH","SKTJNSNK","SKTJNSNK"
"Kashish NarabhinNGH","KXXNRPNK","KXXNRPNK"
"Neel Sachar","NLSKR","NLSKR"
"Samar SubramaniamNG","SMRSPRMNMNK","SMRSPRMNMNK"
"Peter Vdhala","PTRFTL","PTRFTL"
"Trtzavis Chan","TRTSFXN","TRTSFXN"
"Saksham Moghdi","SKXMKT","SKXMKT"
"Sai Garg","SKRK","SKRK"
"Logan Edwitzwin","LKNTTSN","LKNTFXN"
"Vitzvaan DinNG","FTSFNTNK","FTSFNTNK"
"Mason ShankkharNG","MSNXNKRNK","MSNXNKRNK"
"Ratsksha Sampath","RTSKXSMP0","RTSKXSMPT"
"Dennis GlassEAU","TNSKLS","TNSKLS"
"Champak Bandi","XMPKPNT","XMPKPNT"
"Ekjhanta Iyer","AKNTR","AKNTR"
"Qadim Dey","KTMT","KTMT"
"Saumya BhallaNGH","SMPLNK","SMPLNK"
"Keya Kari","KKR","KKR"
"Adya Kibe","ATKP","ATKP"
"Ewitzkapad Vaidya","ATSKPTFT","AFXKPTFT"
"Donna BtzyrdNGH","TNPTSRTNK","TNPTSRTNK"
"Advika Agate","ATFKKT","ATFKKT"
"James Sjhantana","JMSNTN","AMSNTN"
"Jonathan Bhatnagar","JN0NPTNKR","ANTNPTNKR"
"Allkhison Delgado","ALKSNTLKT","ALKSNTLKT"
"Kschala Ramesh","KXLRMX","KXLRMX"
"Tanay Varghschese","TNFRKXS","TNFRKXS"
"Onkar MohanNG","ANKRMHNK","ANKRMHNK"
"Hardik Mall","HRTKML","HRTKML"
"Damini NattNG","TMNNTNK","TMNNTNK"
"Stephawitznie Gonzalez","STFTSNKNSLS","STFFXNKNTSLTS"
"Jacbhob Hall","JKPPL","AKPPL"
"Om BhavsarEUX","AMPFSRKS","AMPFSRKS"
"Uchpadhriti DalalEAU","AXPTRTTLL","AKPTRTTLL"
"Lbheena Trivedi","LPNTRFT","LPNTRFT"
"Monique PetsrryEUX","MNKPTSRKS","MNKPTSRKS"
"Neelima DixitNG","NLMTKSTNK","NLMTKSTNK"
"Mscheera NairNG","MXRNRNK","MXRNRNK"
"Marissa RiveraEAU","MRSRFR","MRSRFR"
"Jeffkhrey BryantEAU","JFKRPRNT","AFKRPRNT"
"Luke GdhuzmanIER","LKKTSMNR","LKKTTSMNR"
"Marc Snow","MRKSN","MRKSNF"
"Beverly WillisIER","PFRLLSR","PFRLLSR"
"Joshua Harrczis","JXHRSS","AXHRXS"
"Omisha Behl","AMXPL","AMXPL"
"Ekanta Agarwal","AKNTKRL","AKNTKRL"
"Falan Pandya","FLNPNT","FLNPNT"
"Zilmil Joshi","SLMLX","SLMLX"
"Upkaar WableEUX","APKRPLKS","APKRPLKS"
"Dhriti Agarwal","TRXKRL","TRXKRL"
"Brenda Adams","PRNTTMS","PRNTTMS"
"Gregwitzory Hill","KRKTSRHL","KRKFXRHL"
"Neelima Choudhry","NLMKTR","NLMKTR"
"Libni Dhillon","LPNTLN","LPNTLN"
"Nathaniel Nigam","N0NLNKM","NTNLNKM"
"Dajhniel WellsNGH","TJNLLSNK","TJNLLSNK"
"Brittany Jones","PRTNJNS","PRTNHNS"
"Kechvin George","KKFNJRJ","KKFNKRK"
"Stbheven Morris","STPFNMRS","STPFNMRS"
"Arya Retzddy","ARRTST","ARRTST"
"Iwitzndira Nayak","ATSNTRNK","AFXNTRNK"
"Pushti PrashadNG","PXTPRXTNK","PXTPRXTNK"
"Omaja VajhlaNG","AMJFJLNK","AMHFJLNK"
"Oviya Patschla","AFPTXL","AFPTXL"
"Rajata Codhmar","RJTKTMR","RHTKTMR"
"Joseph JghohnsonEAU","JSFJKNSN","HSFJKNSN"
"Patdhricia Perez","PTRSPRS","PTRXPRS"
"Bkhrandon Robinson","PKRNTNRPNSN","PKRNTNRPNSN"
"Rajata BathNGH","RJTP0NK","RHTPTNK"
"Nathaniel Kakar","N0NLKKR","NTNLKKR"
"Leeghna Das","LKNTS","LKNTS"
"Yashasvi Mammen","AXSFMMN","AXSFMMN"
"Roy Roberts","RRPRTS","RRPRTS"
"Aahana RaiEUX","AHNRKS","AHNRKS"
"Uwitzrvi Patla","ATSRFPTL","AFXRFPTL"
"Robert Evans","RPRTFNS","RPRTFNS"
"Ktsevin JohnsonNG","KTSFNJNSNK","KTSFNJNSNK"
"Zaitra MitalNGH","STRMTLNK","STRMTLNK"
"Hemangischni BahlNG","HMNJXNPLNK","HMNKXNPLNK"
"Samaksh BirNG","SMKXPRNK","SMKXPRNK"
"Chaaya Ganjhdhi","XKNJT","XKNJT"
"Jessica Cowkhan","JSKKKN","ASKKKN"
"Jotzhnny Bennett","JTJNPNT","ATJNPNT"
"Jacthqueline Todd","JK0KLNTT","AKTKLNTT"
"Kimberly ClarkNGH","KMPRLKLRKNK","KMPRLKLRKNK"
"Katie Griffin","KTKRFN","KTKRFN"
"Rohbhan DugarNG","RPNTKRNK","RPNTKRNK"
"Katherine JohnsonNGH","K0RNJNSNK","KTRNJNSNK"
"Yashoda Bath","AXTP0","AXTPT"
"Chakratsdev AcharyaEAU","XKRTSTFKR","XKRTSTFKR"
"Anirudh Nori","ANRTNR","ANRTNR"
"Ayush Kanda","AXKNT","AXKNT"
"Isaiah Gaghde","ASKT","ASKT"
"Amruta Borde","AMRTPRT","AMRTPRT"
"Robwitzert Ochoa","RPTSRTX","RPFXRTK"
"Zaitra Baral","STRPRL","STRPRL"
"Nbhathaniel Wiley","NP0NLL","NPTNLL"
"Qarin RanganathanNG","KRNRNKN0NK","KRNRNKNTNK"
"Paul Garcia","PLKRS","PLKRX"
"Jasmine JonesEUX","JSMNJNSKS","ASMNHNSKS"
"Tammy Ruiz","TMRS","TMRS"
"Tonya Ptzerry","TNPTSR","TNPTSR"
"Jeevika Grewal","JFKKRL","AFKKRL"
"Brejhnda Mccall","PRJNTMKL","PRJNTMKL"
"Quincy Chdhaudry","KNSXTTR","KNSKTTR"
"Ekbhta Balan","AKPTPLN","AKPTPLN"
"Watzzir Parmar","ATSRPRMR","FTTSRPRMR"
"Advay Virk","ATFFRK","ATFFRK"
"Ronith Borra","RN0PR","RNTPR"
"Kristen Ferguson","KRSTNFRKSN","KRSTNFRKSN"
"Anya Chowdhury","ANXTR","ANKTR"
"Amara BordeEUX","AMRPRTKS","AMRPRTKS"
"Balhaar Mammen","PLRMMN","PLRMMN"
"Kabir DewtzanIER","KPRTTSNR","KPRTTSNR"
"Joshua Skhchneider","JXSKXNTR","AXSKKNTR"
"Rehaan Wjhali","RHNJL","RHNJL"
"Stacy Sexton","STSSKSTN","STSSKSTN"
"Leonard Hunt","LNRTNT","LNRTNT"
"Mr. Michghael Simpson Jr.NGH","MRMXKLSMPSNJRNK","MRMKKLSMPSNJRNK"
"Vrishtsti Sekhon","FRXTSTSKN","FRXTSTSKN"
"Oviya VaidyaNGH","AFFTNK","AFFTNK"
"Athndrew HudsonNG","A0NTRTSNK","ATNTRTSNK"
"Yasti Setty","ASTST","ASTST"
"Zaid Raja","STRJ","STRH"
"Sudiksha Narula","STKXNRL","STKXNRL"
"Udant Bghalan","ATNTPKLN","ATNTPKLN"
"Nihal Jhaveri","NHLFR","NHLFR"
"Priya Vyas","PRFS","PRFS"
"Kamala BalNGH","KMLPLNK","KMLPLNK"
"Watika NairEUX","ATKNRKS","FTKNRKS"
"Sara Faghrrell","SRFKRL","SRFKRL"
"Inghdali DugalIER","ANKTLTKL","ANKTLTKLR"
"Aradhana Maharaj","ARTNMHRJ","ARTNMHR"
"Nicholas JphimenezEAU","NXLSFMNS","NKLSFMNS"
"Shannon Haczll","XNNSL","XNNXL"
"Anthony Sandoval","AN0NSNTFL","ANTNSNTFL"
"Girik Raphtta","JRKRFT","KRKRFT"
"Ishita Ltzata","AXTLTST","AXTLTST"
"Vasatika Tiwari","FSTKTR","FSTKTR"
"Patricia Flowers","PTRSFLRS","PTRXFLRS"
"Jeevika BrahmtzbhattIER","JFKPRMTSPTR","AFKPRMTSPTR"
"Odika ChopraEUX","ATKKPRKS","ATKKPRKS"
"Lori Carter","LRKRTR","LRKRTR"
"Veer Chadha","FRXT","FRKT"
"Zayan Mallidhck","SNMLTK","SNMLTK"
"Jonathan Kennedy","JN0NKNT","ANTNKNT"
"Harini Bera","HRNPR","HRNPR"
"Elizabwitzeth Martin","ALSPTS0MRTN","ALTSPFXTMRTN"
"Zghehaan Narang","SKHNRNK","SKHNRNK"
"Jawitzgrati Gandhi","JTSKRTKNT","AFXKRTKNT"
"Aradhana RajuNG","ARTNRJNK","ARTNRJNK"
"Allen Roberts","ALNRPRTS","ALNRPRTS"
"Caleb KakarIER","KLPKKRR","KLPKKRR"
"Aarutzsh Grover","ARTSXKRFR","ARTSXKRFR"
"Nicole Reynokhlds","NKLRNKLTS","NKLRNKLTS"
"Tonwitzya Martinez","TNTSMRTNS","TNFXMRTNTS"
"Pushti LuthraNG","PXTL0RNK","PXTLTRNK"
"Chatura Bassi","XTRPS","XTRPS"
"Gjhauri DevanEAU","KJRTFN","KJRTFN"
"Janani Gjholla","JNNKJL","ANNKJL"
"Fitan Brar","FTNPRR","FTNPRR"
"Bhanutsmati BawaIER","PNTSMTPR","PNTSMTPR"
"Jhalak Krishthna","JLKRX0N","ALKRXTN"
"Baljiwan KandaEUX","PLNKNTKS","PLNKNTKS"
"Zanghsi KhannaIER","SNKSKNR","SNKSKNR"
"Urishilla Bhargava","ARXLPRKF","ARXLPRKF"
"Rushil Ahuja","RXLHJ","RXLHH"
"Yash Kapur","AXKPR","AXKPR"
"Zashil Sahni","SXLSN","SXLSN"
"Chaman Hans","XMNNS","XMNNS"
"Ellen Harris","ALNRS","ALNRS"
"Shravya Kothari","XRFK0R","XRFKTR"
"Triveni MurthyEUX","TRFNMR0KS","TRFNMRTKS"
"Ronald Howe","RNLT","RNLT"
"Jchacob Devan","JXKPTFN","AKKPTFN"
"Yakhshawini Sundaram","AKXNSNTRM","AKXNSNTRM"
"Bbharkha Jayaraman","PRKJRMN","PRKJRMN"
"Adweta Chaudhary","ATTKTR","ATTKTR"
"Julia Herrephra","JLHRFR","ALHRFR"
"Patricia JonesIER","PTRSJNS","PTRXHNSR"
"Lajdhita Bhatia","LJTTPX","LJTTPX"
"Vrishti Minhas","FRXTMNS","FRXTMNS"
"Bakhshi SettyNGH","PKXSTNK","PKXSTNK"
"Jack Sheth","JKX0","AKXT"
"Vrishti Din","FRXTTN","FRXTTN"
"Jessica Soto","JSKST","ASKST"
"Pooja Dutt","PJTT","PHTT"
"Samuel Robinson","SMLRPNSN","SMLRPNSN"
"Gabrielle Mathis","KPRLM0S","KPRLMTS"
"Sjhaumya Mistry","SMMSTR","SMMSTR"
"Summer LambschertEAU","SMRLMPXRT","SMRLMPSKRT"
"Charles Zuniga","XRLSNK","XRLXNK"
"Sanya Dalal","SNTLL","SNTLL"
"Kenneth LopezEAU","KN0LPS","KNTLPTS"
"Utkarsh BediNG","ATKRXPTNK","ATKRXPTNK"
"John Hernandez MD","JNRNNTSMT","ANRNNTSMT"
"Om BumbEAU","AMPMP","AMPMP"
"Oscar Pingchle","ASKRPNKXL","ASKRPNKKL"
"Banjeet Vojhhra","PNJTFJR","PNJTFJR"
"Ajhnya Devan","AJNTFN","AJNTFN"
"Vyanjana Sani","FNJNSN","FNJNSN"
"Rohan Acharya","RHNKR","RHNKR"
"Naveen Sehgal","NFNSKL","NFNSKL"
"Guneet ChakrabortyNG","KNXKRPRTNK","KNXKRPRTNK"
"Christopher Richmond","KRSTFRXMNT","KRSTFRKMNT"
"Christopher Tate","KRSTFRTT","KRSTFRTT"
"Amanda Barnes","AMNTPRNS","AMNTPRNS"
"Patrick Smghith","PTRKSMK0","PTRKSMKT"
"Joseph Latsrson","JSFLTSRSN","HSFLTSRSN"
"Ariel Best","ARLPST","ARLPST"
"Karen TuckerNGH","KRNTKRNK","KRNTKRNK"
"Jamie Patztton","JMPTSTN","AMPTSTN"
"Vedhthika Gara","FT0KKR","FTTKKR"
"Wridesh Bhardwaj","RTXPRTJ","RTXPRT"
"Advika SuleEUX","ATFKSLKS","ATFKSLKS"
"Techerth BalayEUX","TXR0PLKS","TKRTPLKS"
"Santhaya Baria","SN0PR","SNTPR"
"Randy Rodriguez","RNTRTRKS","RNTRTRKS"
"Lohit Madan","LHTMTN","LHTMTN"
"Mathew Gallegos","M0KLLKS","MTKLKS"
"James VillaIER","JMSFL","AMSFLR"
"Kashish Stholanki","KXXS0LNK","KXXSTLNK"
"Abha Sjheshadri","APSXTR","APSXTR"
"Bhavika Sadhndhu","PFKSTNT","PFKSTNT"
"Ronald Johns","RNLTJNS","RNLTJNS"
"Misty NichobhlsonEAU","MSTNXPLSN","MSTNKPLSN"
"Juwitzstin Ross","JTSSTNRS","AFXSTNRS"
"Lindsay Drachke","LNTSTRKK","LNTSTRKK"
"Margaret CrghuzNG","MRKRTKRKSNK","MRKRTKRKSNK"
"Vthinaya Datta","F0NTT","FTNTT"
"Aczmanda GravesNGH","ASMNTKRFSNK","AXMNTKRFSNK"
"Aghndrew Moran","ANTRMRN","ANTRMRN"
"Viraj RajagophpalanNGH","FRJRJKFPLNK","FRJRHKFPLNK"
"Kimberczly Lin","KMPRSLLN","KMPRXLLN"
"Chakradev Pradhan","XKRTFPRTN","XKRTFPRTN"
"Avjhni Tak","AFJNTK","AFJNTK"
"Daisy Rivas","TSRFS","TSRFS"
"Frado Mohan","FRTMHN","FRTMHN"
"Jhkhalak Tak","JKLKTK","AKLKTK"
"Stephen FrostEAU","STFNFRST","STFNFRST"
"Fitsyaz ShettyEUX","FTSSXTKS","FTSSXTKS"
"Nicholas Ltsopez","NXLSLTSPS","NKLSLTSPS"
"Jose AtkinsonIER","JSTKNSNR","HSTKNSNR"
"Lekha Chaudhary","LKKTR","LKKTR"
"Faras Edwin","FRSTN","FRSTN"
"Stephanie Nelson","STFNNLSN","STFNNLSN"
"Samantha CampbellNGH","SMN0KMPLNK","SMNTKMPLNK"
"Carrie Jones","KRJNS","KRHNS"
"Nicholas BurnettEAU","NXLSPRNT","NKLSPRNT"
"Dgharika Kota","TKRKKT","TKRKKT"
"Timothy Parikh","TM0PRK","TMTPRK"
"Keischth BakerEUX","KX0PKRKS","KXTPKRKS"
"Elwitzijah Doshi","ALTSJTX","ALFXJTX"
"Rodney Pierce","RTNPRS","RTNPRS"
"Lisa Brobhwn","LSPRPN","LSPRPN"
"Fatzlak GadeNGH","FTSLKKTNK","FTSLKKTNK"
"Baljiwan Naraphin","PLNRFN","PLNRFN"
"Baghyawati Karnik","PTKRNK","PTKRNK"
"Lekha Madan","LKMTN","LKMTN"
"Frances Keith","FRNSSK0","FRNSSKT"
"Watika Lschalla","ATKLXL","FTKLXL"
"Sadhmuel Parikh","STMLPRK","STMLPRK"
"Warhi SjhhanIER","ARSNR","FRSNR"
"Audrey PscherezEUX","ATRPXRSKS","ATRPSKRSKS"
"Kayla Phillips","KLFLPS","KLFLPS"
"Ranvkheer Sastry","RNFKRSSTR","RNFKRSSTR"
"Barbara BarnesNG","PRPRPRNSNK","PRPRPRNSNK"
"Chatura Raj","XTRRJ","XTRR"
"Shravya Mankhnan","XRFMNKNN","XRFMNKNN"
"Nimjhrat TailorEUX","NMJRTLRKS","NMJRTLRKS"
"Rachael White","RKLT","RKLT"
"Nisha Kghari","NXKKR","NXKKR"
"Aarini MammenEAU","ARNMMN","ARNMMN"
"Onwitzkar PaiIER","ANTSKRPR","ANFXKRPR"
"Wridesh Yohannan","RTXHNN","RTXHNN"
"Yuvraj BasakEUX","AFRPSKKS","AFRPSKKS"
"Elijtzah Guha","ALTSKH","ALTSKH"
"Sarthak Ben","SR0KPN","SRTKPN"
"Anne Bejhrry","ANPJR","ANPJR"
"Chakradhar Lanka","XKRTRLNK","XKRTRLNK"
"Luke Padmanabhan","LKPTMNPN","LKPTMNPN"
"Dylan Brown","TLNPRN","TLNPRN"
"Jaime Ashley","JMXL","AMXL"
"Jasmit Chanda","JSMXNT","ASMXNT"
"Shannon Palmer","XNNPLMR","XNNPLMR"
"Hardik IyerEUX","HRTKRKS","HRTKRKS"
"Kristine Mcdaniel","KRSTNMKTNL","KRSTNMKTNL"
"Dalbir AroraNGH","TLPRRRNK","TLPRRRNK"
"Sara Iyer","SRR","SRR"
"Radha KaghlaNGH","RTKLNK","RTKLNK"
"Andrea Todd","ANTRTT","ANTRTT"
"Ekta Sunder","AKTSNTR","AKTSNTR"
"Bhavna Pkhalan","PFNPKLN","PFNPKLN"
"Gabrischel PaiIER","KPRXLP","KPRXLPR"
"April HudsonEUX","APRLTSNKS","APRLTSNKS"
"Kimberly Skhtuart","KMPRLSKTRT","KMPRLSKTRT"
"Kamala Mitter","KMLMTR","KMLMTR"
"Juschlian Sanchez","JXLNSNXS","AXLNSNKS"
"Lopa Sharaf","LPXRF","LPXRF"
"Max DadaIER","MKSTT","MKSTTR"
"Melvin Smith","MLFNSM0","MLFNSMT"
"Connor Durthan","KNRTR0N","KNRTRTN"
"Chczaitanya DeviNG","XSTNTFNK","XXTNTFNK"
"Upasna BahthriNGH","APSNP0RNK","APSNPTRNK"
"Laura Nicghhols","LRNKLS","LRNKLS"
"Donald Lee","TNLTL","TNLTL"
"Farphhan Raja","FRFNRJ","FRFNRH"
"Zashil SachdevaNG","SXLSKTFNK","SXLSKTFNK"
"Jophshua Wilson","JFXLSN","AFXLSN"
"Mary Jojhhnson","MRJJNSN","MRHJNSN"
"Harini Ghose","HRNS","HRNS"
"Nathjhan Chhabra","N0JNXPR","NTJNKPR"
"Ansh Goyal","ANXKL","ANXKL"
"Scott Cruz","SKTKRS","SKTKRS"
"Ojasvi SibalNGH","AJSFSPLNK","AHSFSPLNK"
"Kenneth Andrade","KN0NTRT","KNTNTRT"
"Lakshit Ram","LKXTRM","LKXTRM"
"Onvedher Trivedi","ANFTRTRFT","ANFTRTRFT"
"Umtsang KapadiaNG","AMTSNKKPTNK","AMTSNKKPTNK"
"Mdhichael Drake","MTKLTRK","MTXLTRK"
"Meera PallNGH","MRPLNK","MRPLNK"
"Aghshley RobinsonNG","AXLRPNSNK","AXLRPNSNK"
"Jay Gilbert","JJLPRT","AKLPRT"
"Altsicia TaylorNGH","ALTSSTLRNK","ALTSXTLRNK"
"Gautam Sakhrma","KTMSKRM","KTMSKRM"
"Upadhriti Natarajan","APTRTNTRJN","APTRTNTRHN"
"Maanav ChaudryEAU","MNFXTR","MNFKTR"
"Hector Spears","HKTRSPRS","HKTRSPRS"
"Amruta Menon","AMRTMNN","AMRTMNN"
"Sandra Reid","SNTRRT","SNTRRT"
"Julie Coleman MD","JLKLMNMT","ALKLMNMT"
"Jesthsica Davis","JS0SKTFS","ASTSKTFS"
"Anamika Bains","ANMKPNS","ANMKPNS"
"Ucchal Bakshi","AXLPKX","AXLPKX"
"Pranav Patil","PRNFPTL","PRNFPTL"
"Aphahana DeviEUX","AFHNTFKS","AFHNTFKS"
"Libni Mangczat","LPNMNKST","LPNMNKXT"
"John Mcdowell","JNMKTL","ANMKTL"
"Raksha Ram","RKXRM","RKXRM"
"Carrie Tdhorres","KRTRS","KRTRS"
"Jerry Walker","JRLKR","ARLKR"
"Gaurav SinghalNG","KRFSNKLNK","KRFSNKLNK"
"Lisa Richmond","LSRXMNT","LSRKMNT"
"Gaurika LalEUX","KRKLLKS","KRKLLKS"
"Sczteven Maxwell","SKTFNMKSL","SKTFNMKSL"
"Warjas Gokhschale","ARJSKKXL","FRJSKKXL"
"Yuvraj RamaswamyNGH","AFRJRMSMNK","AFRJRMSMNK"
"Dtsonna Davidson","TSNTFTSN","TSNTFTSN"
"Elizathbeth GlennIER","ALS0P0KLN","ALSTPTKLNR"
"Wridesh Singhal","RTXSNKL","RTXSNKL"
"Vkhincent Roy","FKNSNTR","FKNSNTR"
"Brian ShschawIER","PRNXXR","PRNXXR"
"Ms. Sandra MillerEUX","MSNTRMLRKS","MSNTRMLRKS"
"Chasmum Pai","XSMMP","XSMMP"
"Thomas Smith","TMSM0","TMSMT"
"Sarah Valentine","SRFLNTN","SRFLNTN"
"Oviya Pai","AFP","AFP"
"Lekkhha Jayaraman","LKJRMN","LKJRMN"
"Falan Sibal","FLNSPL","FLNSPL"
"Allen Brown","ALNPRN","ALNPRN"
"April Hayes","APRLS","APRLS"
"Yasti D’Alia","ASTTL","ASTTL"
"Amy Bbhurke","AMPRK","AMPRK"
"Charan Bobal","XRNPPL","XRNPPL"
"Nicholas Vala","NXLSFL","NKLSFL"
"Manuel Burke","MNLPRK","MNLPRK"
"Melkhissa Chapman","MLKSKPMN","MLKSKPMN"
"Vihaan PatelEUX","FHNPTLKS","FHNPTLKS"
"Margaret Miller","MRKRTMLR","MRKRTMLR"
"Iczdika Kaur","ASTKKR","AXTKKR"
"Nicholas Robethrtson","NXLSRP0RTSN","NKLSRPTRTSN"
"Ketzith PriceNGH","KTS0PRSNK","KTSTPRSNK"
"Gaurangi PrakashNGH","KRNJPRKXNK","KRNKPRKXNK"
"Sarthak Dawitzve","SR0KTTSF","SRTKTFXF"
"Bobby Martinez","PPMRTNS","PPMRTNS"
"Christine Stanley","KRSTNSTNL","KRSTNSTNL"
"Jessica AndersonNGH","JSKNTRSNK","ASKNTRSNK"
"Warjas Patghla","ARJSPTKL","FRJSPTKL"
"Avi Parikh","AFPRK","AFPRK"
"Warda VarmaNGH","ARTFRMNK","FRTFRMNK"
"Tony Long","TNLNK","TNLNK"
"Joseph SmithEAU","JSFSM0","HSFSMT"
"Heather Freghnch","H0RFRKNX","HTRFRKNK"
"Akhngela GreenEAU","AKNJLKRN","AKNKLKRN"
"Jacob DeckerEUX","JKPTKRKS","AKPTKRKS"
"Wyatt Palla","ATPL","FTPL"
"Varsphha Rattan","FRSFRTN","FRSFRTN"
"Lavanya Menon","LFNMNN","LFNMNN"
"Lbhauren Perez","LPRNPRS","LPRNPRS"
"Girish Sridhar","JRXSRTR","KRXSRTR"
"Justin PetzrezIER","JSTNPTSRS","ASTNPTSRSR"
"Urvi Kawitzur","ARFKTSR","ARFKFXR"
"Lipidhka ApteEUX","LPTKPTKS","LPTKPTKS"
"Christopher MickhhaelNG","KRSTFRMKLNK","KRSTFRMKLNK"
"Keya SaxenaIER","KSKSNR","KSKSNR"
"Maghanav Kari","MNFKR","MNFKR"
"Jennifer Cthole","JNFRK0L","ANFRKTL"
"Simon Morar","SMNMRR","SMNMRR"
"Pahal Jayaraman","PHLRMN","PHLRMN"
"Tammy Weeks","TMKS","TMKS"
"David Williams","TFTLMS","TFTLMS"
"Max Srinivas","MKSSRNFS","MKSSRNFS"
"Yashasvi RandhawaIER","AXSFRNTR","AXSFRNTR"
"Gtzautam Lal","KTSTMLL","KTSTMLL"
"Yug TellaEAU","AKTL","AKTL"
"Mtzrs. Heather Walsh","MTSRX0RLX","MTSRXTRLX"
"Saumya Rout","SMRT","SMRT"
"Sudhsan Martinez","STSNMRTNS","STSNMRTNS"
"Bradley SerranoEUX","PRTLSRNKS","PRTLSRNKS"
"Kavya Gola","KFKL","KFKL"
"Rachchana RaviEUX","RKXNRFKS","RKKNRFKS"
"Janya Sschhanker","JNSXNKR","ANSKNKR"
"Advaith Basak","ATF0PSK","ATFTPSK"
"Nimrat Dixit","NMRTKST","NMRTKST"
"Mary JohnsonNGH","MRJNSNK","MRHNSNK"
"Ansh GabaEAU","ANXKP","ANXKP"
"Ronith Natt","RN0NT","RNTNT"
"Aishani Narayanan","AXNNRNN","AXNNRNN"
"Vicki Huakhng","FKHKNK","FKHKNK"
"Zinal GandhiEUX","SNLKNTKS","SNLKNTKS"
"Aachal Patil","AXLPTL","AKLPTL"
"Diana RobertsEAU","TNRPRTS","TNRPRTS"
"Lakshit Buthmb","LKXTP0MP","LKXTPTMP"
"Lindsey Bartlett","LNTSPRTLT","LNTSPRTLT"
"Reyansh Saini","RNXSN","RNXSN"
"Rachana Chaczkraborty","RKNKSKRPRT","RKNKXKRPRT"
"Emily Terrell MDEUX","AMLTRLMTKS","AMLTRLMTKS"
"Charles Davidson","XRLSTFTSN","XRLSTFTSN"
"Aphdvika Deol","AFTFKTL","AFTFKTL"
"Zachary HarrisNG","SKRHRSNK","SKRHRSNK"
"Jessica Graham","JSKKRHM","ASKKRHM"
"Zehaan Sahota","SHNSHT","SHNSHT"
"Gaurang Ghosh","KRNKX","KRNKX"
"Sai Shanker","SXNKR","SXNKR"
"Ria ChadEAU","RXT","RKT"
"Ayush Grover","AXKRFR","AXKRFR"
"Panini Sachschdev","PNNSKXTF","PNNSKXTF"
"Duane Tucker","TNTKR","TNTKR"
"Aardhnav Dubey","ARTNFTP","ARTNFTP"
"Deborah Compton","TPRKMPTN","TPRKMPTN"
"Jechnnifer Mendoza","JKNFRMNTS","AKNFRMNTS"
"Ashley White","AXLT","AXLT"
"Arthin Murty","AR0NMRT","ARTNMRT"
"Patricia Hernandez","PTRSHRNNTS","PTRXHRNNTS"
"Kevin Scott","KFNSKT","KFNSKT"
"Vritsnda Sampath","FRTSNTSMP0","FRTSNTSMPT"
"Yashica PantNGH","AXKPNTNK","AXKPNTNK"
"Alexandra Andrews","ALKSNTRNTRS","ALKSNTRNTRS"
"Aczndrew Savant","ASNTRSFNT","AXNTRSFNT"
"David Mathngat","TFTM0NKT","TFTMTNKT"
"Warhi Balakrishthnan","ARPLKRX0NN","FRPLKRXTNN"
"Mary Myers","MRMRS","MRMRS"
"Aschtharv Rastogi","AX0RFRSTJ","AXTRFRSTK"
"Martin Stevens","MRTNSTFNS","MRTNSTFNS"
"Lekha RaiEAU","LKR","LKR"
"Yamiczni Narayan","AMSNNRN","AMXNNRN"
"Peter Parker","PTRPRKR","PTRPRKR"
"Melissa ChenNG","MLSXNK","MLSKNK"
"Faqid PrabhuNGH","FKTPRPNK","FKTPRPNK"
"Wridesh Hayre","RTXR","RTXR"
"Jai DoraEAU","JTR","ATR"
"Naksh Rastogi","NKXRSTJ","NKXRSTK"
"Udant BathEUX","ATNTP0KS","ATNTPTKS"
"Donatsld Herrera","TNTSLTRR","TNTSLTRR"
"Michelle Marshall","MXLMRXL","MKLMRXL"
"Jared Waschng","JRTXNK","ARTXNK"
"Varsha Ratti","FRXRT","FRXRT"
"Shane Roberson","XNRPRSN","XNRPRSN"
"Joseph KirkNGH","JSFKRKNK","HSFKRKNK"
"Kabir Goel","KPRKL","KPRKL"
"Stephanie Pruitt","STFNPRT","STFNPRT"
"Jenntsifer Smith","JNTSFRSM0","ANTSFRSMT"
"Aarna DhtsarEAU","ARNTTSR","ARNTTSR"
"Patricia Cook","PTRSKK","PTRXKK"
"Upadhriti Chawitzcko","APTRTXTSK","APTRTKFXK"
"Thomas PhamNG","TMSFMNK","TMSFMNK"
"Wadhrda Mangat","ATRTMNKT","FTRTMNKT"
"Agastya Ganesh","AKSTKNX","AKSTKNX"
"Vihaan Lad","FHNLT","FHNLT"
"Gautam Subratsmanian","KTMSPRTSMNN","KTMSPRTSMNN"
"Girindghra Bhasin","JRNTKRPSN","KRNTKRPSN"
"Vasana Salvi","FSNSLF","FSNSLF"
"Dr. Erin Gomez","TRRNKMS","TRRNKMS"
"Athdharv Mital","A0TRFMTL","ATTRFMTL"
"Heather HkhallEUX","H0RKLKS","HTRKLKS"
"Trischya Kashyap","TRXKXP","TRXKXP"
"Heather TaylorEUX","H0RTLRKS","HTRTLRKS"
"Oeshi CharEAU","AXXR","AXKR"
"Kamkhala Gour","KMKLKR","KMKLKR"
"Ttsimothy DiazIER","TSM0TS","TSMTTSR"
"Neel DeNGH","NLTNK","NLTNK"
"Janani Kale","JNNKL","ANNKL"
"Finn Kbhota","FNKPT","FNKPT"
"Yadavi Talwar","ATFTLR","ATFTLR"
"Vasudhdha ViswanathanEUX","FSTTFSN0NKS","FSTTFSNTNKS"
"Michael Garrett","MKLKRT","MXLKRT"
"Teresa Miller","TRSMLR","TRSMLR"
"Tanmayi ChabhdhaEUX","TNMXPTKS","TNMKPTKS"
"Vedhika Luphthra","FTKLF0R","FTKLFTR"
"Sachi Borah","SXPR","SKPR"
"David PejhrezEUX","TFTPJRSKS","TFTPJRSKS"
"Yashvi JainNG","AXFJNK","AXFHNK"
"Avi Sami","AFSM","AFSM"
"John Mayo","JNM","ANM"
"Wenkhdy Cervantes","ANKTSRFNTS","FNKTSRFNTS"
"Ophmaja Krishnan","AFMJKRXNN","AFMJKRXNN"
"Banjeet VarmaEUX","PNJTFRMKS","PNJTFRMKS"
"Siya Soman","SSMN","SSMN"
"James Wyatt","JMST","AMST"
"Levi CoxNGH","LFKKSNK","LFKKSNK"
"Vasana Sur","FSNSR","FSNSR"
"Joshkhua KrishnanNGH","JXKKRXNNK","AXKKRXNNK"
"Atslison Garrison","ATSLSNKRSN","ATSLSNKRSN"
"John Shaw","JNX","ANXF"
"Wayne Ponce MD","ANPNSMT","FNPNSMT"
"Avni Bbharia","AFNPR","AFNPR"
"Ekani Naschdkarni","AKNNXTKRN","AKNNXTKRN"
"Harini Nayar","HRNNR","HRNNR"
"Tamanna Tak","TMNTK","TMNTK"
"Julia Mccoy","JLMK","ALMK"
"Scotztt Morrison","SKTSTMRSN","SKTSTMRSN"
"Hophward PhillipsNGH","HFRTFLPSNK","HFRTFLPSNK"
"Gunbir Mallikhck","KNPRMLKK","KNPRMLKK"
"Lindsey AyersNG","LNTSRSNK","LNTSRSNK"
"Nidra Goda","NTRKT","NTRKT"
"Yjhadavi Verma","AJTFFRM","AJTFFRM"
"Navczeen Saini","NFSNSN","NFXNSN"
"Sadhmuel Reed","STMLRT","STMLRT"
"Ekani Merchant","AKNMRXNT","AKNMRKNT"
"Joseph Montoya","JSFMNT","HSFMNT"
"Manya Oommen","MNMN","MNMN"
"Darryl PaulNG","TRLPLNK","TRLPLNK"
"Haczrita Batta","HSRTPT","HXRTPT"
"Ekalinga Saran","AKLNKSRN","AKLNKSRN"
"Balendra Krishnamurthy","PLNTRKRXNMR0","PLNTRKRXNMRT"
"Elijah KadeEAU","ALJKT","ALJKT"
"Zehaan Dhillon","SHNTLN","SHNTLN"
"Abighgail Smith","APKLSM0","APKLSMT"
"Chameli Ganesan","XMLKNSN","XMLKNSN"
"Ishaan ChawlaIER","AXNXLR","AXNKLR"
"Amruta TripathiEAU","AMRTTRP0","AMRTTRPT"
"Dipta Ramachandran","TPTRMKNTRN","TPTRMKNTRN"
"Vczeda Virk","FSTFRK","FXTFRK"
"Matthew Anderson","M0NTRSN","MTNTRSN"
"Amruta Satwitzhe","AMRTSTTS","AMRTSTFX"
"Rayachan PathakNGH","RXNP0KNK","RKNPTKNK"
"Samantha MoranIER","SMNTMRN","SMNTMRNR"
"Abhrin Sastry","APRNSSTR","APRNSSTR"
"Parth NarayananNGH","PR0NRNNK","PRTNRNNK"
"Nisha Dthesai","NXTS","NXTS"
"Niphdra MinhasEUX","NFTRMNSKS","NFTRMNSKS"
"Harish DuphgarNGH","HRXTFKRNK","HRXTFKRNK"
"Charles WagleNG","XRLSKLNK","XRLSKLNK"
"Madhavi Rattan","MTFRTN","MTFRTN"
"Ovjhiya Oak","AFJK","AFJK"
"Alka Chaudhari","ALKKTR","ALKKTR"
"Sakhndra HarperEAU","SKNTRHRPR","SKNTRHRPR"
"Ubika Rattan","APKRTN","APKRTN"
"Aarini Gandhi","ARNKNT","ARNKNT"
"Sai Nadhgy","SNTK","SNTJ"
"Clifford Shermjhan","KLFRTXRMJN","KLFRTXRMJN"
"Denkhnis OliverEAU","TNKNSLFR","TNKNSLFR"
"Harsh Pudhrohit","HRXPTRHT","HRXPTRHT"
"Triya Majumdar","TRMJMTR","TRMJMTR"
"Catherine Hill","K0RNHL","KTRNHL"
"Cindy Joseph","SNTJSF","SNTHSF"
"Upadhriti Sheth","APTRTX0","APTRTXT"
"Deborah Wrdhight","TPRRTT","TPRRTT"
"Jtzocelyn Evans","JTSSLNFNS","ATSSLNFNS"
"Pratykhush BhattiNGH","PRTKXPTNK","PRTKXPTNK"
"Kritika Raghavan","KRTKRKFN","KRTKRKFN"
"Anvi Narayanan","ANFNRNN","ANFNRNN"
"Katherine DiazEAU","K0RNTS","KTRNTTS"
"Ktzamala Rajagopal","KTSMLRJKPL","KTSMLRJKPL"
"Amber Wilkinson","AMPRLKNSN","AMPRLKNSN"
"Finn Shere","FNXR","FNXR"
"Nathaniel PthallEUX","N0NLP0LKS","NTNLPTLKS"
"Katelyn MasonIER","KTLNMSNR","KTLNMSNR"
"Qcharin Boase","KXRNPS","KKRNPS"
"Gauri BrahmbhattEAU","KRPRMPT","KRPRMPT"
"Chanchal Devan","XNXLTFN","XNKLTFN"
"Qadim Bala","KTMPL","KTMPL"
"Nicholas MitraNG","NXLSMTRNK","NKLSMTRNK"
"Crystal CookEUX","KRSTLKKKS","KRSTLKKKS"
"Charan HansNG","XRNNSNK","XRNNSNK"
"Yadavi Bhattacharyya","ATFPTKR","ATFPTKR"
"Althexis Hansen","AL0KSXNSN","ALTKSXNSN"
"Ryan Rodriguez","RNRTRKS","RNRTRKS"
"Teresa Arias","TRSRS","TRSRS"
"Felicwitzia DonovanEAU","FLKTSTNFN","FLKFXTNFN"
"Adam RiddleEAU","ATMRTL","ATMRTL"
"Hritik SamschraIER","RTKSMXRR","RTKSMXRR"
"Kevin Jodhrdan","KFNJTRTN","KFNJTRTN"
"Tanvi Ahuja","TNFHJ","TNFHH"
"Ganga Narang","KNKNRNK","KNKNRNK"
"Ekiya Nagy","AKNK","AKNJ"
"Rschaymond Avila","RXMNTFL","RXMNTFL"
"April MurphyNG","APRLMRFNK","APRLMRFNK"
"Mahika Sethi","MHKS0","MHKST"
"Fariq Chada","FRKXT","FRKKT"
"Rudra Suthri","RTRS0R","RTRSTR"
"Dayita Nagi","TTNJ","TTNK"
"Stephanie BawitzrrettNG","STFNPTSRTNK","STFNPFXRTNK"
"Paul Turner","PLTRNR","PLTRNR"
"Chaitschaly Parekh","XTXLPRK","XTXLPRK"
"Chelsea Smith","XLSSM0","XLSSMT"
"Arunima Chakrkhaborty","ARNMKKRKPRT","ARNMKKRKPRT"
"Kashvi SantEUX","KXFSNTKS","KXFSNTKS"
"Chandran Tobhor","XNTRNTPR","XNTRNTPR"
"Kathy Price","K0PRS","KTPRS"
"Omisha Balasubramanian","AMXPLSPRMNN","AMXPLSPRMNN"
"Omisha Ghose","AMXS","AMXS"
"Karen AndersdhonIER","KRNNTRSTNR","KRNNTRSTNR"
"Nicholas LeIER","NXLSL","NKLSLR"
"Bakhshi CheemaEAU","PKXXM","PKXKM"
"James DabhvidsonNGH","JMSTPFTSNK","AMSTPFTSNK"
"Qarkhin BainsEAU","KRKNPNS","KRKNPNS"
"Felicia Brandt","FLSPRNT","FLXPRNT"
"Steven Mccoy","STFNMK","STFNMK"
"John Preston","JNPRSTN","ANPRSTN"
"Mjhatthew Peters","MJ0PTRS","MJTPTRS"
"Yash D’Alia","AXTL","AXTL"
"Wishi SarnaNG","AXSRNNK","FXSRNNK"
"Christopher AsjhhleyEAU","KRSTFRSL","KRSTFRSL"
"Omya Hphalder","AMFLTR","AMFLTR"
"Frederick Pai","FRTRKP","FRTRKP"
"Pdheter MurtyEUX","PTTRMRTKS","PTTRMRTKS"
"Urvi BalakrishnanNG","ARFPLKRXNNK","ARFPLKRXNNK"
"Dadhrpan Aurora","TTRPNRR","TTRPNRR"
"Lajhdli Rai","LJTLR","LJTLR"
"Robjhert Smith","RPJRTSM0","RPJRTSMT"
"Sarthschak Jhaveri","SR0XKFR","SRTXKFR"
"David TylerEUX","TFTLRKS","TFTLRKS"
"Erik Moreno","ARKMRN","ARKMRN"
"Ryan Jenkijhns","RNJNKJNS","RNJNKJNS"
"Gaurang Docghtor","KRNKTKTR","KRNKTKTR"
"Melissa Cchhapman","MLSXPMN","MLSXPMN"
"Caleb ArmstrongNG","KLPRMSTRNNK","KLPRMSTRNKNK"
"Robin SmithNGH","RPNSM0NK","RPNSMTNK"
"Jeremiah TelthlaEUX","JRMTL0LKS","ARMTLTLKS"
"Zilmil PalanNGH","SLMLPLNK","SLMLPLNK"
"Luis JacksonNG","LSKSNK","LSKSNK"
"Laksh Gokhale","LKXKKL","LKXKKL"
"Elizabeth Smith","ALSP0SM0","ALSPTSMT"
"Christian Lee","KRSXNL","KRSXNL"
"Lajita Sahni","LJTSN","LJTSN"
"Thomghas MirandaNGH","TMKSMRNTNK","TMKSMRNTNK"
"Dwitziana DavisEUX","TTSNTFSKS","TFXNTFSKS"
"Ganga SalviNG","KNKSLFNK","KNKSLFNK"
"Aarav KaurNG","ARFKRNK","ARFKRNK"
"Jacob KingNGH","JKPKNKNK","AKPKNKNK"
"George Warczner","JRJRSNR","KRKRXNR"
"Kashvi D’Alia","KXFTL","KXFTL"
"Jacob Dhawkhan","JKPTKN","AKPTKN"
"Chakradev Natsgarajan","XKRTFNTSKRJN","XKRTFNTSKRJN"
"Nidghra Narayan","NTKRNRN","NTKRNRN"
"Jenna Spears","JNSPRS","ANSPRS"
"Varsha Bumb","FRXPM","FRXPM"
"Poophja Mand","PFJMNT","PFJMNT"
"Warjas Sibal","ARJSPL","FRJSPL"
"Aadhya Choudhuphry","ATXTFR","ATKTFR"
"Abdul Madwitzan","APTLMTTSN","APTLMTFXN"
"Jillian Smczith","JLNSMS0","ALNSMXT"
"Hemal ChahalNGH","HMLXHLNK","HMLKHLNK"
"Jedhet Baral","JTTPRL","ATTPRL"
"Tchara HollowayNGH","XRHLNK","XRHLNK"
"David Martin","TFTMRTN","TFTMRTN"
"Micschhael Morgan DDS","MKXLMRKNTS","MKXLMRKNTS"
"Brian Lee","PRNL","PRNL"
"Bakhshi Sunder","PKXSNTR","PKXSNTR"
"Jason NscharasimhanEUX","JSNXRSMNKS","ASNXRSMNKS"
"Michelle LewisNGH","MXLLSNK","MKLLSNK"
"Irbhya Bakshi","ARPPKX","ARPPKX"
"Cyntwitzhia Williams","SNTTSLMS","SNTFXLMS"
"Naksh ViswanathanIER","NKXFSN0NR","NKXFSNTNR"
"Abha Bala","APPL","APPL"
"Aaron Hart","ARNRT","ARNRT"
"Michael Stevenson","MKLSTFNSN","MXLSTFNSN"
"Damini More","TMNMR","TMNMR"
"Jeanette Hall","JNTHL","ANTHL"
"Mekhala NtsandaEAU","MKLNTSNT","MKLNTSNT"
"Yashawini Jagtzgi","AXNJKTSJ","AXNJKTSK"
"Nicole ChczenEAU","NKLXSN","NKLKXN"
"Damyanti BadalIER","TMNTPTL","TMNTPTLR"
"Frado NagarNGH","FRTNKRNK","FRTNKRNK"
"John ReedNGH","JNRTNK","ANRTNK"
"Rudra BaralIER","RTRPRL","RTRPRLR"
"Tanish Kuruvilla","TNXKRFLL","TNXKRFL"
"Christopher Huffchman","KRSTFRFXMN","KRSTFRFKMN"
"Kalpit Lwitzall","KLPTLTSL","KLPTLFXL"
"Advika Pradhan","ATFKPRTN","ATFKPRTN"
"Sean PierceEAU","SNPRS","SNPRS"
"Alan Brown","ALNPRN","ALNPRN"
"Gopal Pal","KPLPL","KPLPL"
"Anya ModiNGH","ANMTNK","ANMTNK"
"Ucchchal Sundaram","AXXLSNTRM","AXKLSNTRM"
"Anamika Katzta","ANMKKTST","ANMKKTST"
"Latasha Phillips","LTXFLPS","LTXFLPS"
"Austin Boyd","ASTNPT","ASTNPT"
"Timothy Cook","TM0KK","TMTKK"
"Ubika OakIER","APKKR","APKKR"
"Sacghhi Dhar","SKTR","SKTR"
"Nihal HalderIER","NHLLTR","NHLLTRR"
"George Dbheshmukh","JRJTPXMK","KRKTPXMK"
"Chelsea Hughes","XLSHS","XLSHS"
"Destiny Hooper DDS","TSTNHPRTS","TSTNHPRTS"
"Stephen GreenNGH","STFNKRNK","STFNKRNK"
"Kristy Smith","KRSTSM0","KRSTSMT"
"Udarsh PaiEAU","ATRXP","ATRXP"
"John Mayer","JNMR","ANMR"
"Brandon Stuart","PRNTNSTRT","PRNTNSTRT"
"Guneet RamIER","KNTRM","KNTRMR"
"Ekansh Rczattan","AKNXRSTN","AKNXRXTN"
"Bhavini Tailor","PFNTLR","PFNTLR"
"Robert Myers","RPRTMRS","RPRTMRS"
"Jaczmes RuizIER","JSMSRSR","AXMSRTSR"
"Kristin FlortsesEUX","KRSTNFLRTSSKS","KRSTNFLRTSSKS"
"Patrick Barrett","PTRKPRT","PTRKPRT"
"Onveer SaxenaNG","ANFRSKSNNK","ANFRSKSNNK"
"Omaja DaghraEAU","AMJTR","AMHTR"
"Aarini Pant","ARNPNT","ARNPNT"
"Harini Dewan","HRNTN","HRNTN"
"Kimberly Griffith","KMPRLKRF0","KMPRLKRFT"
"Chakradev Vtsarty","XKRTFTSRT","XKRTFTSRT"
"Daniel Huffman","TNLFMN","TNLFMN"
"Grabhce RussellNGH","KRPSRSLNK","KRPSRSLNK"
"John Burch","JNPRX","ANPRK"
"Gukhneet Varughese","KKNTFRKS","KKNTFRKS"
"Gautam BatslanEAU","KTMPTSLN","KTMPTSLN"
"Mohini Narayanan","MHNNRNN","MHNNRNN"
"Dipta Savant","TPTSFNT","TPTSFNT"
"Tanmayi Uppal","TNMPL","TNMPL"
"Mohtsini BhaktaNGH","MTSNPKTNK","MTSNPKTNK"
"Naveen BaswitzakNGH","NFNPSTSKNK","NFNPSFXKNK"
"Joel Bradlschey","JLPRTLX","ALPRTLX"
"Dr. Angel Avila","TRNJLFL","TRNKLFL"
"Udant Tak","ATNTK","ATNTK"
"Laura Burschgess","LRPRXJS","LRPRXKS"
"Timothy SandalEUX","TM0SNTLKS","TMTSNTLKS"
"Gautam DubeEAU","KTMTP","KTMTP"
"Elizabeth Garcia","ALSP0KRS","ALSPTKRX"
"Tetsrry MitchellEAU","TTSRMXL","TTSRMXL"
"Jason Walia","JSNL","ASNL"
"Faras Sant","FRSNT","FRSNT"
"Edward Long","ATRTLNK","ATRTLNK"
"Charles Rictshard","XRLSRKTXRT","XRLSRKTXRT"
"Bina Wtsable","PNTSPL","PNTSPL"
"Jagat KohliNG","JKTKLNK","AKTKLNK"
"Lee Mcdowell","LMKTL","LMKTL"
"Zachary Santiago","SKRSNXK","SKRSNXK"
"Stephen AliIER","STFNL","STFNLR"
"Rdhonald BrownNGH","RTNLTPRNK","RTNLTPRNK"
"Danielle Marttsinez","TNLMRTSNS","TNLMRTSNS"
"Siya Nadkarni","SNTKRN","SNTKRN"
"Scott PtserezIER","SKTPTSRS","SKTPTSRSR"
"William Arthias","ALMR0S","FLMRTS"
"Kala KadatzkiaNG","KLKTTSKNK","KLKTTSKNK"
"Vasatika Som","FSTKSM","FSTKSM"
"Nidra Narasimhan","NTRNRSMN","NTRNRSMN"
"Ria Sangha","RSNK","RSNK"
"Sara MakhniEUX","SRMKNKS","SRMKNKS"
"Pavani Sathe","PFNS0","PFNST"
"Xalak Sarbhin","SLKSRPN","SLKSRPN"
"Colleen SimpskhonIER","KLNSMPSKNR","KLNSMPSKNR"
"Qarin Bahl","KRNPL","KRNPL"
"Amaira NarayananNG","AMRNRNNK","AMRNRNNK"
"Alexawitznder Mital","ALKSTSNTRMTL","ALKSFXNTRMTL"
"Alison Gonzalez","ALSNKNSLS","ALSNKNSLS"
"Ayush JainNGH","AXJNK","AXJNK"
"Christopher CltsineEUX","KRSTFRKLTSNKS","KRSTFRKLTSNKS"
"Zarna Sczaraf","SRNSKRF","SRNSKRF"
"Jessica HawkinsNG","JSKHKNSNK","ASKHKNSNK"
"Dr. Michael Garcia Jr.","TRMKLKRSJR","TRMXLKRXJR"
"Indadhli Madan","ANTTLMTN","ANTTLMTN"
"Ladhdli Borra","LTTLPR","LTTLPR"
"Noah DeyEUX","NTKS","NTKS"
"Dalaja Sheth","TLJX0","TLHXT"
"Jai Ravi","JRF","ARF"
"Ranbir Bhczavsar","RNPRPSFSR","RNPRPXFSR"
"Jtsanya KrishNG","JTSNKRXNK","ATSNKRXNK"
"Ishani NandaEAU","AXNNNT","AXNNNT"
"Jdhames Johnson","JTMSNSN","ATMSNSN"
"Vrdhitti Tak","FRTTTK","FRTTTK"
"Yoshthita Divan","AX0TTFN","AXTTTFN"
"Tracy Dawitzvis","TRSTTSFS","TRSTFXFS"
"Patrick MukhopadhyayEAU","PTRKMKPT","PTRKMKPT"
"Gautami Mdhadan","KTMMTTN","KTMMTTN"
"Tiffany JohnsonNGH","TFNJNSNK","TFNHNSNK"
"Omisha Sthawhney","AMXS0N","AMXSTN"
"Krishna NoriEAU","KRXNNR","KRXNNR"
"Colleen Cook","KLNKK","KLNKK"
"Lschopa Manda","LXPMNT","LXPMNT"
"Sara RodriguezNGH","SRRTRKSNK","SRRTRKSNK"
"Rathagini Halder","R0JNHLTR","RTKNHLTR"
"George MasterIER","JRJMSTR","KRKMSTRR"
"Henry Hochward","HNRHKRT","HNRHKRT"
"Melissa LarsonNG","MLSLRSNK","MLSLRSNK"
"Ktsrystal WhiteNG","KTSRSTLTNK","KTSRSTLTNK"
"Tebhjas Raghavan","TPJSRKFN","TPJSRKFN"
"Kiaan Peri","KNPR","KNPR"
"Vyanjana Bandi","FNJNPNT","FNJNPNT"
"Ekapad Wagle","AKPTKL","AKPTKL"
"Kristina Mclean","KRSTNMKLN","KRSTNMKLN"
"Keith EvthansEUX","K0F0NSKS","KTFTNSKS"
"Omya SinhaEUX","AMSNKS","AMSNKS"
"Pavani Matzni","PFNMTSN","PFNMTSN"
"Odika Menon","ATKMNN","ATKMNN"
"Rayaan Pandit","RNPNTT","RNPNTT"
"Daniel RomeroEAU","TNLRMR","TNLRMR"
"Onkczar Sidhu","ANKSRST","ANKXRST"
"Rtzanveer Bhattacharyya","RTSNFRPTKR","RTSNFRPTKR"
"Sanya KadjhakiaNGH","SNKTJKNK","SNKTJKNK"
"Eta De","ATT","ATT"
"Kim Wczalls","KMSLS","KMXLS"
"Cchorey Gonzalez","XRKNSLS","XRKNSLS"
"Bthhavna Dey","P0FNT","PTFNT"
"Jatin Dey","JTNT","ATNT"
"Frederick Nayar","FRTRKNR","FRTRKNR"
"Karschina Thomas","KRXNTMS","KRXNTMS"
"Stephanie WtsoodEUX","STFNTSTKS","STFNTSTKS"
"Stekhven Mccarthy DDS","STKFNMKR0TS","STKFNMKRTTS"
"Yuvraj Behl","AFRPL","AFRPL"
"Kayla Garner","KLKRNR","KLKRNR"
"Teerth Dowitzctor","TR0TTSKTR","TRTTFXKTR"
"Ajhngela StaffordNGH","AJNJLSTFRTNK","AJNKLSTFRTNK"
"Donna Smith","TNSM0","TNSMT"
"Dakskhhesh Wadhwa","TKSKXT","TKSKXT"
"Aryan Bahri","ARNPR","ARNPR"
"Kenneth BerryNG","KN0PRNK","KNTPRNK"
"Arunima Kjhant","ARNMKNT","ARNMKNT"
"Kenneth PaceIER","KN0PSR","KNTPSR"
"David GonzalesIER","TFTKNSLS","TFTKNSLSR"
"Thomas Suresh","TMSRX","TMSRX"
"Tara DghivanEUX","TRTKFNKS","TRTKFNKS"
"Zaid Palan","STPLN","STPLN"
"Hema Taneja","HMTNJ","HMTNH"
"Kimberly Solis","KMPRLSLS","KMPRLSLS"
"Xavier RavelEUX","SFRFLKS","SFRFLKS"
"Elizabekhth HillNGH","ALSPK0LNK","ALTSPKTLNK"
"Wilschliam Lopez","ALXLMLPS","FLXLMLPTS"
"Vicki CrawfordIER","FKKRFRTR","FKKRFRTR"
"Charles Wright","XRLSRT","XRLSRT"
"Yug KphumerNG","AKKFMRNK","AKKFMRNK"
"Mekhala Golla","MKLKL","MKLKL"
"Lohit Kari","LHTKR","LHTKR"
"Unni SuchleIER","ANSKL","ANSKLR"
"Meera Goel","MRKL","MRKL"
"Warhi Hora","ARHR","FRHR"
"Kamya Sekhon","KMSKN","KMSKN"
"Brittany AlvarezEUX","PRTNLFRSKS","PRTNLFRSKS"
"Vkhasana RavelEUX","FKSNRFLKS","FKSNRFLKS"
"Pavani SachdevaNG","PFNSKTFNK","PFNSKTFNK"
"Hiral Dora","HRLTR","HRLTR"
"Vamakshi Bahri","FMKXPR","FMKXPR"
"Micghhael Mccormick","MKLMKRMK","MKLMKRMK"
"Noah DhingraEAU","NTNKR","NTNKR"
"Jairaj Sandhu","JRSNT","ARSNT"
"Miczchael YoungIER","MSKLNJR","MXXLNJR"
"Vrinda RamaswamyEAU","FRNTRMSM","FRNTRMSM"
"Chanchal Gadhla","XNXLKTL","XNKLKTL"
"Udyati Cotsmar","ATTKTSMR","ATTKTSMR"
"Brijesh Bera","PRJXPR","PRJXPR"
"Vedika Ratwitzta","FTKRTTST","FTKRTFXT"
"Robert WatsonEAU","RPRTTSN","RPRTTSN"
"Jeffrey Wilson","JFRLSN","AFRLSN"
"Varenya TtsataEAU","FRNTST","FRNTST"
"Ladli Joshi","LTLJX","LTLHX"
"Jalsa Kkhapur","JLSKPR","ALSKPR"
"Hitesh Rajagopalan","HTXRJKPLN","HTXRHKPLN"
"Samarth Mishra","SMR0MXR","SMRTMXR"
"Ythasti BalNG","A0STPLNK","ATSTPLNK"
"Chameli Gara","XMLKR","XMLKR"
"Balhaar Sen","PLRSN","PLRSN"
"John RodriguezIER","JNRTRKS","ANRTRKSR"
"Eiravati Chaudhary","ARFTXTR","ARFTKTR"
"Inaya KapadiaIER","ANKPTR","ANKPTR"
"Donna King","TNKNK","TNKNK"
"Dayita Chana","TTKN","TTKN"
"Mohini BhasinEUX","MHNPSNKS","MHNPSNKS"
"Ashlee Bowen","AXLPN","AXLPN"
"Ryan Prasad","RNPRST","RNPRST"
"Tara Pau","TRP","TRP"
"Amruta BwitzasuNG","AMRTPTSSNK","AMRTPFXSNK"
"Tanwitzya Cervantes","TNTSSRFNTS","TNFXSRFNTS"
"Sheila Lyons","XLLNS","XLLNS"
"Bahadurjit Dugar","PHTRJTKR","PHTRJTKR"
"Anamika Thakkar","ANMK0KR","ANMKTKR"
"Barbara Orozco","PRPRRSK","PRPRRSK"
"Alexander Morales","ALKSNTRMRLS","ALKSNTRMRLS"
"Quincy Sarin","KNSSRN","KNSSRN"
"Nidra JayaramanNGH","NTRJRMNK","NTRHRMNK"
"Victor Saxena","FKTRSKSN","FKTRSKSN"
"Samesh Bhavsar","SMXPFSR","SMXPFSR"
"Brian WongIER","PRNNJR","PRNNJR"
"Matthew RichardsonEAU","M0RXRTSN","MTRKRTSN"
"Suhachni Andra","SHKNNTR","SHKNNTR"
"Faraj Dczugar","FRJTSKR","FRJTXKR"
"Blatske Hudson","PLTSKHTSN","PLTSKHTSN"
"Sandra Williams","SNTRLMS","SNTRLMS"
"Wishi KaulNG","AXKLNK","FXKLNK"
"Balveer BariaEAU","PLFRPR","PLFRPR"
"Vasatika Sarma","FSTKSRM","FSTKSRM"
"Om Lall","AMLL","AMLL"
"Nicole Hernandez","NKLHRNNTS","NKLHRNNTS"
"Ridhi Raghavan","RTRFN","RTRFN"
"Vyanjaphna Verma","FNJFNFRM","FNJFNFRM"
"Michaela Barber","MKLPRPR","MXLPRPR"
"Yatan Iyer","ATNR","ATNR"
"Ishaan Kajhle","AXNKJL","AXNKJL"
"Yashoda SuriNG","AXTSRNK","AXTSRNK"
"Zaid Bczumb","STPSM","STPXM"
"Zayyphan Savant","SFNSFNT","SFNSFNT"
"Frado Ktsumar","FRTKTSMR","FRTKTSMR"
"Lipika VyasEUX","LPKFSKS","LPKFSKS"
"Aarush KkhapadiaNG","ARXKPTNK","ARXKPTNK"
"Larry Wallace","LRLS","LRLS"
"Chaschvvi Gill","XXFJL","XXFKL"
"Akharna Ganesan","AKRNKNSN","AKRNKNSN"
"Jennifer DadhvisIER","JNFRTTFS","ANFRTTFSR"
"Saadhnvi Brahmbhatt","STNFPRMPT","STNFPRMPT"
"Azczaan Zacharia","ASSNSKR","ATSXNTSKR"
"Aachal Pant","AXLPNT","AKLPNT"
"Stephen Ford","STFNFRT","STFNFRT"
"Panini Bera","PNNPR","PNNPR"
"Widisha RavalEUX","ATXRFLKS","FTXRFLKS"
"Dayibhta NarulaIER","TPTNRL","TPTNRLR"
"Melissa MartinNG","MLSMRTNK","MLSMRTNK"
"Zaczrna Kata","SSRNKT","SXRNKT"
"Adrian Patel","ATRNPTL","ATRNPTL"
"Parchth Krishna","PRK0KRXN","PRKTKRXN"
"Ekanta Lalla","AKNTLL","AKNTLL"
"Erin Downs","ARNTNS","ARNTNS"
"Jghohn Baker","JKNPKR","AKNPKR"
"Timothy Bwitzutler","TM0PTSTLR","TMTPFXTLR"
"Jasmin HernandezIER","JSMNRNNTS","ASMNRNNTSR"
"Onveer Narain","ANFRNRN","ANFRNRN"
"Cristian KchingNGH","KRSXNKXNKNK","KRSXNKKNKNK"
"Nihal Mittal","NHLMTL","NHLMTL"
"Pooja Sankar","PJSNKR","PJSNKR"
"Mary Frankhklin","MRFRNKKLN","MRFRNKKLN"
"Michael Rangel","MKLRNJL","MXLRNKL"
"Jasmit Narula","JSMTNRL","ASMTNRL"
"Istshwar D’Alia","ASTXRTL","ASTXRTL"
"Joseph Thornton","JSF0RNTN","HSFTRNTN"
"Jeffrey Rangel","JFRRNJL","AFRRNKL"
"Michelle GarrettEUX","MXLKRTKS","MKLKRTKS"
"Susan Wiczlson","SSNTSLSN","SSNFXLSN"
"Ikczbal WarriorNG","AKSPLRRNK","AKXPLRRNK"
"Nisha Bhat","NXPT","NXPT"
"Angela Cobb","ANJLKP","ANKLKP"
"Pallavi Ranganathan","PLFRNKN0N","PLFRNKNTN"
"Krista Reed","KRSTRT","KRSTRT"
"Omaja MannNGH","AMJMNNK","AMHMNNK"
"Debbie HeghnryEUX","TPHNRKS","TPHNRKS"
"Sandra KhkhanEUX","SNTRKKNKS","SNTRKKNKS"
"Vidhi Atwal","FTTL","FTTL"
"Rajata AgrawalEAU","RJTKRL","RJTKRL"
"Liam Dephol","LMTFL","LMTFL"
"William Vargas","ALMFRKS","FLMFRKS"
"Chanakya Sankaran","XNKSNKRN","XNKSNKRN"
"Michelle AlexanderEUX","MXLLKSNTRKS","MKLLKSNTRKS"
"Patkhrick Pillai","PTKRKPL","PTKRKPL"
"Joghhn RogersEUX","JNRKRSKS","ANRJRSKS"
"Sarah Francis","SRFRNSS","SRFRNSS"
"Wridesh Oza","RTXS","RTXTS"
"Lindsay Tucker","LNTSTKR","LNTSTKR"
"Yutika Kibe","ATKKP","ATKKP"
"James Swanson","JMSNSN","AMSNSN"
"David CainEAU","TFTKN","TFTKN"
"Dr. James Hardy","TRJMXRT","TRJMXRT"
"Barkha Suschle","PRKSXL","PRKSXL"
"Katrina WhiteEAU","KTRNT","KTRNT"
"Michabhel NovakIER","MXPLNFKR","MKPLNFKR"
"Briana LeeEAU","PRNL","PRNL"
"Dr. Sarah Ingram","TRSRHNKRM","TRSRHNKRM"
"Rebecca Lphucas","RPKLFKS","RPKLFKS"
"Vasana Khabhre","FSNKPR","FSNKPR"
"Xalak Bala","SLKPL","SLKPL"
"Jackson Bobal","JKSNPPL","AKSNPPL"
"Timothy LucasNGH","TM0LKSNK","TMTLKSNK"
"Ajhbdul Dayal","AJPTLTL","AJPTLTL"
"Kimberly Aguilar","KMPRLKLR","KMPRLKLR"
"John GarciaEAU","JNKRS","ANKRX"
"Vanya Garg","FNKRK","FNKRK"
"Lphibni Ratta","LFPNRT","LFPNRT"
"Jophnathan Suri","JFN0NSR","AFNTNSR"
"Earl RosarioIER","ARLRSR","ARLRSRR"
"Lopa Kapur","LPKPR","LPKPR"
"Brittney SosaNG","PRTNSSNK","PRTNSSNK"
"Mobhhammed Tara","MPMTR","MPMTR"
"Champak Rai","XMPKR","XMPKR"
"Elijah Kala","ALJKL","ALJKL"
"Rwitzodney EvansNGH","RTSTNFNSNK","RFXTNFNSNK"
"Amaira NoriNGH","AMRNRNK","AMRNRNK"
"Vedher Raja","FTRJ","FTRH"
"Saanvi Sangthha","SNFSNK0","SNFSNKT"
"Karen Sullivan","KRNSLFN","KRNSLFN"
"Gabrithel Chavez","KPR0LXFS","KPRTLKFS"
"Charlotte GillIER","XRLTJL","XRLTKLR"
"Urvi Saini","ARFSN","ARFSN"
"Advika VarugheseEAU","ATFKFRKS","ATFKFRKS"
"Todd Bryant","TTPRNT","TTPRNT"
"Raymond GomezEAU","RMNTKMS","RMNTKMS"
"Madhav Bakshi","MTFPKX","MTFPKX"
"Kristin Poschwell","KRSTNPXL","KRSTNPXL"
"Mugdha Krishnan","MKTKRXNN","MKTKRXNN"
"Mcholly Reed","MKLRT","MKLRT"
"Nisha Mani","NXMN","NXMN"
"Patrick Black","PTRKPLK","PTRKPLK"
"Nancy ColeghmanNGH","NNSKLKMNK","NNSKLKMNK"
"Ayush Venkatesh","AXFNKTX","AXFNKTX"
"Chandthani ParekhEUX","XNTNPRKKS","XNTNPRKKS"
"Xdhiti Iyer","STTR","STTR"
"Chchatresh Gandhi","XXTRXKNT","XKTRXKNT"
"Banjeet Dada","PNJTT","PNJTT"
"Tristan Fczaulkner","TRSTNFSLKNR","TRSTNFXLKNR"
"Tiffany Marshall","TFNMRXL","TFNMRXL"
"Dalbir Shtsaraf","TLPRXTSRF","TLPRXTSRF"
"Alexander Zacharia","ALKSNTRSKR","ALKSNTRSKR"
"Kbhrishna Konda","KPRXNKNT","KPRXNKNT"
"Dennis Kdhnapp","TNSKTNP","TNSKTNP"
"April ChavezNG","APRLXFSNK","APRLKFSNK"
"Kgherry ClarkEAU","KKRKLRK","KKRKLRK"
"James Makhnn","JMSMKN","AMSMKN"
"Frederick Chaudhary","FRTRKXTR","FRTRKKTR"
"Cbharly Hunter","KPRLHNTR","KPRLHNTR"
"Lila Agatsrwal","LLKTSRL","LLKTSRL"
"Simon Gola","SMNKL","SMNKL"
"Kathryn Wise","K0RNS","KTRNS"
"Thomas Chauhan","TMXHN","TMXHN"
"Dalbir Handa","TLPRNT","TLPRNT"
"Latsdli DeNG","LTSTLTNK","LTSTLTNK"
"Edward Young","ATRTNK","ATRTNK"
"Christine Valdez","KRSTNFLTS","KRSTNFLTS"
"Chameli Buch","XMLPK","XMLPK"
"Robert Sghharaf","RPRTSKRF","RPRTSKRF"
"Detsbbie Castillo","TTSPKSTLL","TTSPKSTL"
"Mary Cothok","MRK0K","MRKTK"
"Diamond Kencznedy","TMNTKNSNT","TMNTKNXNT"
"Ejhshana Chawla","AJXNKL","AJXNKL"
"Tanvi Mitra","TNFMTR","TNFMTR"
"Dr. Patrick Miller DDS","TRPTRKMLRTS","TRPTRKMLRTS"
"Allison Lambeghrt","ALSNLMPRT","ALSNLMPRT"
"Daniel Hall","TNLL","TNLL"
"Diana Guerrero","TNKRR","TNKRR"
"Nilima Tiwari","NLMTR","NLMTR"
"Krishna ToczorNG","KRXNTSRNK","KRXNTXRNK"
"Jechffrey FoxNG","JKFRFKSNK","AKFRFKSNK"
"Jack Sura","JKSR","AKSR"
"Yashawini Badami","AXNPTM","AXNPTM"
"Neha Gupta","NHKPT","NHKPT"
"Amy Lowe","AML","AML"
"Nicoczle Turner","NKSLTRNR","NKXLTRNR"
"Heatsther Boyd","HTS0RPT","HTSTRPT"
"Monica BestNGH","MNKPSTNK","MNKPSTNK"
"Colton GordonNGH","KLTNKRTNK","KLTNKRTNK"
"Praneel Khosla","PRNLKSL","PRNLKSL"
"Dalbir Zachariah","TLPRSKR","TLPRSKR"
"Mark Ramos","MRKRMS","MRKRMS"
"Thomas MagarIER","TMSMKR","TMSMKRR"
"Pratyush StsankaranEUX","PRTXSTSNKRNKS","PRTXSTSNKRNKS"
"Mr. Brandon Figueroa Jr.","MRPRNTNFKRJR","MRPRNTNFKRJR"
"Yaghmini IssacNG","AMNSKNK","AMNSKNK"
"Joe Cruz","JKRS","AKRS"
"Victor Wilson","FKTRLSN","FKTRLSN"
"Andrea Ali","ANTRL","ANTRL"
"Keith WilliamsIER","K0LMSR","KTLMSR"
"Saumya KakarIER","SMKKRR","SMKKRR"
"Gaurang Rai","KRNKR","KRNKR"
"Wathrhi Balakrishnan","A0RPLKRXNN","FTRPLKRXNN"
"Vyanjana Kapadia","FNJNKPT","FNJNKPT"
"Quincy SaranEAU","KNSSRN","KNSSRN"
"Sai Kamdar","SKMTR","SKMTR"
"Brad Martin","PRTMRTN","PRTMRTN"
"David Allen","TFTLN","TFTLN"
"Courtney Suarez","KRTNSRS","KRTNSRS"
"Udant Majumdar","ATNTMJMTR","ATNTMJMTR"
"Praneel Kurian","PRNLKRN","PRNLKRN"
"Pratyush DbhixitEAU","PRTXTPKST","PRTXTPKST"
"Aarush Sant","ARXSNT","ARXSNT"
"Jennifer PerezNG","JNFRPRSNK","ANFRPRSNK"
"Sathvczik RavelEAU","S0FSKRFL","STFXKRFL"
"Adweta Subramanian","ATTSPRMNN","ATTSPRMNN"
"Gavin Acharya","KFNKR","KFNKR"
"Neel Dhar","NLTR","NLTR"
"Jagvi Bhalla","JKFPL","AKFPL"
"Chasmum Ramanathan","XSMMRMN0N","XSMMRMNTN"
"Gaurangi BariaEAU","KRNJPR","KRNKPR"
"Thomas CraneNGH","TMSKNNK","TMSKNNK"
"Jalsa Ram","JLSRM","ALSRM"
"Kamala Randhawa","KMLRNT","KMLRNT"
"Onkkhar OzaNG","ANKRSNK","ANKRTSNK"
"Suhaghni BalasubramanianIER","SHNPLSPRMNN","SHNPLSPRMNNR"
"Hematsng Vohra","HMTSNKFR","HMTSNKFR"
"Kyle Reilbhly","KLRLPL","KLRLPL"
"Nidra ChaudhryEUX","NTRKTRKS","NTRKTRKS"
"Jennifer Hill","JNFRL","ANFRL"
"Veda Divan","FTTFN","FTTFN"
"Tanish AhluwaliaNG","TNXLLNK","TNXLLNK"
"Ryan Kanghnan","RNKNKNN","RNKNKNN"
"Jessica WoodwardEAU","JSKTRT","ASKTRT"
"Timothy Bhaktzta","TM0PKTST","TMTPKTST"
"Girindra Sandhu","JRNTRSNT","KRNTRSNT"
"Huthnter HaleNGH","H0NTRLNK","HTNTRLNK"
"Balveer Mann","PLFRMN","PLFRMN"
"Ridhi Sharma","RTXRM","RTXRM"
"Ekatzvir Maharaj","AKTSFRMHRJ","AKTSFRMHR"
"Upadhriti Barman","APTRTPRMN","APTRTPRMN"
"Gunbir Bhajhtti","KNPRPJT","KNPRPJT"
"Charles Brown","XRLSPRN","XRLSPRN"
"Guneet Butala","KNTPTL","KNTPTL"
"Ekansh Shanker","AKNXXNKR","AKNXXNKR"
"Bradley Smtsith","PRTLSMTS0","PRTLSMTST"
"Qachsim KumarIER","KKSMKMRR","KKSMKMRR"
"Zashil Puri","SXLPR","SXLPR"
"Saumya Peri","SMPR","SMPR"
"Girik Rana","JRKRN","KRKRN"
"Raghav LalaIER","RFLL","RFLLR"
"Christopher Terry","KRSTFRTR","KRSTFRTR"
"Amczara Batra","AMSRPTR","AMXRPTR"
"Indira Palla","ANTRPL","ANTRPL"
"Kala Chhabra","KLKPR","KLKPR"
"Tripthti AgrawalEAU","TRP0XKRL","TRPTXKRL"
"Christina JamesEUX","KRSTNJMSKS","KRSTNHMSKS"
"Upkaar Karnik","APKRKRNK","APKRKRNK"
"Zaitra Gill","STRJL","STRKL"
"Jonathan AggarwalNGH","JN0NKRLNK","ANTNKRLNK"
"Anmol Dutta","ANMLTT","ANMLTT"
"Kathleen Jimenez","K0LNJMNS","KTLNJMNTS"
"Qadim Contractor","KTMKNTRKTR","KTMKNTRKTR"
"Nidra Kata","NTRKT","NTRKT"
"Nisha Chacko","NXKK","NXKK"
"Pamela CarrilloIER","PMLKRL","PMLKRLR"
"Vebhda Varma","FPTFRM","FPTFRM"
"Kelly Lee","KLL","KLL"
"Wriddhish Bali","RTXPL","RTXPL"
"Albert Gtzraham","ALPRTKTSRHM","ALPRTKTSRHM"
"Steghven GregoryIER","STKFNKRKR","STKFNKRKRR"
"Tejas Parthsa","TJSPR0S","THSPRTS"
"Amol IchssacEUX","AMLKSSKS","AMLKSSKS"
"Tracy Best","TRSPST","TRSPST"
"Jessica Esthtrada","JSKS0TRT","ASKSTTRT"
"Janani KhatriNGH","JNNKTRNK","ANNKTRNK"
"Daksh Konda","TKXKNT","TKXKNT"
"Jessica AdamsEAU","JSKTMS","ASKTMS"
"Oliver JhaveriNGH","ALFRJFRNK","ALFRJFRNK"
"Sara Perez","SRPRS","SRPRS"
"Rtsuben Mathis","RTSPNM0S","RTSPNMTS"
"Amanda JenkinsNG","AMNTJNKNSNK","AMNTJNKNSNK"
"Wakhhab Radhakrishnan","AKPRTKRXNN","FKPRTKRXNN"
"Dr. Maczry Hanna","TRMSRHN","TRMXRHN"
"Nisha Dutt","NXTT","NXTT"
"Ira BalaIER","ARPL","ARPLR"
"Sanaya Chaghkraborty","SNXKRPRT","SNKKRPRT"
"Atsyaan Deshpande","ATSNTXPNT","ATSNTXPNT"
"Rebecphca WallerEAU","RPKFKLR","RPKFKLR"
"Chjhristopher Taylor","XJRSTFRTLR","XJRSTFRTLR"
"Pranav Yohannan","PRNFHNN","PRNFHNN"
"Ktseya VargheseNGH","KTSFRKSNK","KTSFRKSNK"
"Sandra AndersonIER","SNTRNTRSN","SNTRNTRSNR"
"Chris Gardner","KRSKRTNR","KRSKRTNR"
"Dr. Matthew Walker","TRM0LKR","TRMTLKR"
"Kimberly Suthllivan","KMPRLS0LFN","KMPRLSTLFN"
"Dr. Alex Jimenez","TRLKSJMNS","TRLKSJMNS"
"Brett Randolph","PRTRNTLF","PRTRNTLF"
"Karan Lal","KRNLL","KRNLL"
"Yauvani Kabhta","AFNKPT","AFNKPT"
"Utkarsh NoriEAU","ATKRXNR","ATKRXNR"
"Anthony Weavkher","AN0NFKR","ANTNFKR"
"Erica Turner","ARKTRNR","ARKTRNR"
"Morgan WrightNG","MRKNRTNK","MRKNRTNK"
"Robyn Fisher","RPNFXR","RPNFXR"
"Sandra HaleIER","SNTRHL","SNTRHLR"
"Tammy Wilczson","TMLSSN","TMLXSN"
"Bruce Chapdhman","PRSXPTMN","PRSKPTMN"
"Mrs. Jamie SpencerNG","MRSMSPNSRNK","MRSMSPNSRNK"
"Andrea FlynnNGH","ANTRFLNNK","ANTRFLNNK"
"Ishaan Katzshyap","AXNKTSXP","AXNKTSXP"
"Nathan Hernthandez","N0NRN0NTS","NTNRNTNTS"
"Warinjhder Hans","ARNJTRNS","FRNJTRNS"
"Switzhravya Mitra","STSRFMTR","XFXRFMTR"
"Mawitzdhavi Chahal","MTSTFXHL","MFXTFKHL"
"Matthew Decker","M0TKR","MTTKR"
"Nichole Ngghuyen","NXLNKN","NKLNKN"
"Brinda DivanEAU","PRNTTFN","PRNTTFN"
"Micchhael Olson","MXLLSN","MXLLSN"
"Joshua Freeman","JXFRMN","AXFRMN"
"Phillip SnczyderIER","FLPSNSTRR","FLPSNXTRR"
"Ekta Sura","AKTSR","AKTSR"
"Amanda Holden","AMNTHLTN","AMNTHLTN"
"Barkha Khutsrana","PRKKTSRN","PRKKTSRN"
"Victor LadIER","FKTRLT","FKTRLTR"
"Jagat Grewal","JKTKRL","AKTKRL"
"Dakhle Griffin","TKLKRFN","TKLKRFN"
"Hredhaan Devi","RTNTF","RTNTF"
"Vyanjana Sem","FNJNSM","FNJNSM"
"William Varma","ALMFRM","FLMFRM"
"Mary Smith","MRSM0","MRSMT"
"Omaja Chokshi","AMJKKX","AMJKKX"
"Ekavir Sen","AKFRSN","AKFRSN"
"Jeremiah Puri","JRMPR","ARMPR"
"Urvi SarkarIER","ARFSRKRR","ARFSRKRR"
"Gary Ali","KRL","KRL"
"Kenneth RogphersEAU","KN0RKFRS","KNTRKFRS"
"Jon VanceEUX","JNFNSKS","ANFNSKS"
"Sabrina Le MDIER","SPRNLMT","SPRNLMTR"
"Rushil Wardhrior","RXLRTRR","RXLRTRR"
"Kevin HarmonNG","KFNRMNK","KFNRMNK"
"Omaja SamraEAU","AMJSMR","AMHSMR"
"Ira Ben","ARPN","ARPN"
"Jordjhan DeckerNGH","JRTJNTKRNK","ARTJNTKRNK"
"David Lopez","TFTLPS","TFTLPS"
"Chatura Vthenkatesh","XTRF0NKTX","XTRFTNKTX"
"Zaid Nayjhak","STNJK","STNJK"
"Lakshit BochrraNG","LKXTPKRNK","LKXTPKRNK"
"Gopal Issczac","KPLSSK","KPLSXK"
"Samuel Rege","SMLRJ","SMLRK"
"Ronald Sweeney","RNLTSN","RNLTSN"
"Jagrati Nartzain","JKRTNRTSN","AKRTNRTSN"
"Marissa Spencer MDEUX","MRSSPNSRMTKS","MRSSPNSRMTKS"
"Dhriti Balan","TRTPLN","TRTPLN"
"Baghyawati JhghaveriIER","PTJKFRR","PTJKFRR"
"Robert Henry","RPR0NR","RPRTNR"
"Faras BhatIER","FRSPT","FRSPTR"
"Chaitaly RczavelNG","XTLRSFLNK","XTLRXFLNK"
"Aashi TripathiIER","AXTRP0","AXTRPTR"
"Yamini Kathla","AMNK0L","AMNKTL"
"Aahana Parmer","AHNPRMR","AHNPRMR"
"John Rosczales","JNRSKLS","ANRSKLS"
"Zayan LalIER","SNLL","SNLLR"
"Lohit Minhas","LHTMNS","LHTMNS"
"Julie LarsonNGH","JLLRSNK","ALLRSNK"
"Jwitzohn GuzmanNG","JTSNKSMNK","AFXNKTSMNK"
"William JonczesNG","ALMJNSSNK","FLMJNXSNK"
"Scott Mccarty","SKTMKRT","SKTMKRT"
"Michael Watkins","MKLTKNS","MXLTKNS"
"Cathndice NelsonNGH","K0NTSNLSNK","KTNTSNLSNK"
"Robert MthooreEAU","RPRTM0R","RPRTMTR"
"Breanna Fletthcher","PRNFL0XR","PRNFLTKR"
"Divchya Jani","TFXJN","TFKHN"
"Maria Gibson","MRJPSN","MRKPSN"
"Lyczdia Jimenez","LSTJMNS","LXTJMNTS"
"Jagrati SodhiNGH","JKRTSTNK","AKRTSTNK"
"Tripti Vaczla","TRPTFSL","TRPTFXL"
"Wridesh Dara","RTXTR","RTXTR"
"Bahadurjit Bachhl","PHTRJTPKL","PHTRJTPKL"
"Jennwitzifer Ramirez DDS","JNTSFRMRSTS","ANFXFRMRTSTS"
"Saksham Saraf","SKXMSRF","SKXMSRF"
"Dr. Mark Hoffman","TRMRKFMN","TRMRKFMN"
"Oeshi Bhandari","AXPNTR","AXPNTR"
"Prchiya Bhavsar","PRXPFSR","PRKPFSR"
"Kyle DillonNGH","KLTLNK","KLTLNK"
"Nirja Ramakrishnan","NRJRMKRXNN","NRJRMKRXNN"
"Joshua RtsaviNGH","JXRTSFNK","AXRTSFNK"
"Ekansh GroverEAU","AKNXKRFR","AKNXKRFR"
"Chakradev WphadhwaNG","XKRTFFTNK","XKRTFFTNK"
"Anthony HughesIER","AN0NHS","ANTNHSR"
"Tamara Smith","TMRSM0","TMRSMT"
"Rohan Mahal","RHNMHL","RHNMHL"
"Umang Lanczka","AMNKLNSK","AMNKLNXK"
"Vincent Padhndey","FNSNTPTNT","FNSNTPTNT"
"Balvan Bharthdwaj","PLFNPR0TJ","PLFNPRTT"
"Chawitzran Sehgal","XTSRNSKL","XFXRNSKL"
"Dev BoraNG","TFPRNK","TFPRNK"
"Matghthew Brown","MTK0PRN","MTKTPRN"
"Steven HarrisEAU","STFNRS","STFNRS"
"Nidra Mangat","NTRMNKT","NTRMNKT"
"Oni SrinivasanIER","ANSRNFSN","ANSRNFSNR"
"Balhaar Padmanabhan","PLRPTMNPN","PLRPTMNPN"
"Radhagini Lal","RTJNLL","RTKNLL"
"Hitesh Mody","HTXMT","HTXMT"
"Dandhiel LyonsIER","TNTLNS","TNTLNSR"
"Onveer Badal","ANFRPTL","ANFRPTL"
"Falguni Sinkhgh","FLKNSNKK","FLKNSNKK"
"Daniel OrtizEAU","TNLRTS","TNLRTS"
"Zayyan Sur","SNSR","SNSR"
"Carmen BrownIER","KRMNPRNR","KRMNPRNR"
"Bachittar Kari","PXTRKR","PKTRKR"
"Mekhala WasonNG","MKLSNK","MKLSNK"
"Joshua SilvaEUX","JXSLFKS","AXSLFKS"
"Laura RoachIER","LRRX","LRRKR"
"Bimtzala Gola","PMTSLKL","PMTSLKL"
"Kenneth Rush","KN0RX","KNTRX"
"Elizabeth Powell","ALSP0PL","ALTSPTPL"
"Atharv Dyal","A0RFTL","ATRFTL"
"Saumchya Hayer","SMXHR","SMKHR"
"Michael BaileyEAU","MKLPL","MXLPL"
"Unnati Rajagopal","ANTRJKPL","ANTRHKPL"
"Samuel BatzlayEAU","SMLPTSL","SMLPTSL"
"Yauvani DewanEAU","AFNTN","AFNTN"
"Zjhashil Sheth","SJXLX0","SJXLXT"
"Chavvi TrivediIER","XFTRFT","XFTRFTR"
"Jenniftzer Pitts","JNFTSRPTS","ANFTSRPTS"
"Faras Sahota","FRSHT","FRSHT"
"Upadhriti Kaur","APTRTKR","APTRTKR"
"Dustin Smitzth","TSTNSMTS0","TSTNSMTST"
"Annette Henderson","ANTHNTRSN","ANTHNTRSN"
"Chphameli Dara","XFMLTR","XFMLTR"
"Robin Milschler","RPNMLXLR","RPNMLXLR"
"Thomas Wakhtson","TMSKTSN","TMSKTSN"
"Vasatika Ramachandran","FSTKRMKNTRN","FSTKRMKNTRN"
"Simon Dadhni","SMNTTN","SMNTTN"
"Liam GandghhiEAU","LMKNTK","LMKNTK"
"Isaac Marshathll","ASKMRX0L","ASKMRXTL"
"Vrinda VenkataramanNG","FRNTFNKTRMNK","FRNTFNKTRMNK"
"Om Karnik","AMKRNK","AMKRNK"
"Sharon Schmidt","XRNXMT","XRNXMT"
"Sichddharth Kumer","SXTR0KMR","SKTRTKMR"
"Bishakha DharNG","PXKTRNK","PXKTRNK"
"Zaid ChowdhuryNGH","STXTRNK","STKTRNK"
"Falan Bhardwaj","FLNPRTJ","FLNPRT"
"Timothy MoobhreIER","TM0MPR","TMTMPRR"
"Alicia Phillips","ALSFLPS","ALXFLPS"
"Orinder Saini","ARNTRSN","ARNTRSN"
"Keya Kaur","KKR","KKR"
"Imaran Dthave","AMRNTF","AMRNTF"
"Jabhson MunozIER","JPSNMNS","APSNMNSR"
"Warda TajhndonIER","ARTTJNTNR","FRTTJNTNR"
"Indira BalakrishnanEAU","ANTRPLKRXNN","ANTRPLKRXNN"
"Ughnni Shenoy","ANXN","ANXN"
"Ejhllen Richardson","AJLNRXRTSN","AJLNRKRTSN"
"Arjun Seshadri","ARJNSXTR","ARJNSXTR"
"Yug Vora","AKFR","AKFR"
"Eric Thomas","ARKTMS","ARKTMS"
"Bhavya Bdhail","PFPTL","PFPTL"
"Arjun Solanki","ARJNSLNK","ARJNSLNK"
"Roy Macias","RMSS","RMXS"
"Saumya Om","SMM","SMM"
"Leekhna Lalla","LKNLL","LKNLL"
"Umang AmbleNG","AMNKMPLNK","AMNKMPLNK"
"Aishani RatjhtaNG","AXNRTJTNK","AXNRTJTNK"
"Sneha Sutsbramanian","SNHSTSPRMNN","XNHSTSPRMNN"
"Amruta PedhriIER","AMRTPTR","AMRTPTRR"
"Jill Rkhuiz","JLRKS","ALRKTS"
"Ira DuttaNGH","ARTTNK","ARTTNK"
"Upkhkaar Ahuja","APKKRHJ","APKKRHJ"
"Kashvi Kala","KXFKL","KXFKL"
"Maria Miller","MRMLR","MRMLR"
"Alexis SmithNG","ALKSSM0NK","ALKSSMTNK"
"Kcharen Lawrence","KXRNLRNS","KKRNLRNS"
"Anthony Smith","AN0NSM0","ANTNSMT"
"Abigail Cox","APKLKKS","APKLKKS"
"Jesse Petzterson","JSPTSTRSN","ASPTSTRSN"
"Michael Daniels","MKLTNLS","MXLTNLS"
"Mohitsni Narula","MHTSNNRL","MHTSNNRL"
"Ekatzntika Kala","AKTSNTKKL","AKTSNTKKL"
"Pallavi Bhatnagar","PLFPTNKR","PLFPTNKR"
"Christopher Rchios","KRSTFRXS","KRSTFRKS"
"Falguni Som","FLKNSM","FLKNSM"
"Cathy WestNGH","K0STNK","KTSTNK"
"Brian Schaefer","PRNXFR","PRNXFR"
"Natalie Sullivan","NTLSLFN","NTLSLFN"
"Catzrrie Roach","KTSRRK","KTSRRK"
"Tiffany JohnsonEAU","TFNJNSN","TFNHNSN"
"Pahal MerchantEAU","PHLMRXNT","PHLMRKNT"
"Adrian PattonEAU","ATRNPTN","ATRNPTN"
"Mr. Jorschge HayesNG","MRJRXJHSNK","MRJRXKHSNK"
"Courtnchey Williams","KRTNXLMS","KRTNKLMS"
"Yatan Sahota","ATNSHT","ATNSHT"
"Jose WilliamsIER","JSLMSR","HSLMSR"
"Rohtsan ShankarEUX","RTSNXNKRKS","RTSNXNKRKS"
"Bbhanjeet Viswanathan","PNJTFSN0N","PNJTFSNTN"
"Farhan SophdhiEAU","FRNSFT","FRNSFT"
"Aayush Bkhhat","AXPKT","AXPKT"
"Brian Robbins","PRNRPNS","PRNRPNS"
"Kalpit Hayre","KLP0R","KLPTR"
"Anmol DasEAU","ANMLTS","ANMLTS"
"Ronith Rao","RN0R","RNTR"
"Gaudhri Manne","KTRMN","KTRMN"
"Siddhaschrth YogiIER","STXR0J","STXRTKR"
"Abigail Hill","APKLL","APKLL"
"Deepa Tphata","TPTFT","TPTFT"
"Joswitzhua Baldwin","JSTSPLTN","ASFXPLTN"
"Jai Sharma","JXRM","AXRM"
"Christichne WilkinsNGH","KRSTXNLKNSNK","KRSTKNLKNSNK"
"Wawitzrinder Bajwa","ATSRNTRPJ","FFXRNTRPJ"
"Tracy Cordova","TRSKRTF","TRSKRTF"
"Peter Prabhu","PTRPRP","PTRPRP"
"Barbawitzra Peterson","PRPTSRPTRSN","PRPFXRPTRSN"
"Nikita SaneEUX","NKTSNKS","NKTSNKS"
"Theodore Kakhrpe","0TRKKRP","TTRKKRP"
"Hamsini Dugar","HMSNTKR","HMSNTKR"
"Fitan Narula","FTNRL","FTNRL"
"Kyle GarciaEAU","KLKRS","KLKRX"
"Anthony Mwitzistry","AN0NMTSSTR","ANTNMFXSTR"
"Alyczssa Vargas","ALSSFRKS","ALXSFRKS"
"Ekbal RayNGH","AKPLRNK","AKPLRNK"
"Kathleen Velasquez","K0LNFLSKS","KTLNFLSKTS"
"Chaaya Kuruvilla","XKRFLL","XKRFL"
"Dakota Sanders","TKTSNTRS","TKTSNTRS"
"Mwitzichael Bailey","MTSKLPL","MFXXLPL"
"Shaurya Chahthal","XRX0L","XRKTL"
"Omisha Bhatti","AMXPT","AMXPT"
"Angela Bchrown","ANJLPXRN","ANKLPKRN"
"Julia Shajhrp","JLXJRP","ALXJRP"
"Ekbal Choudhary","AKPLXTR","AKPLKTR"
"Michael Smith","MKLSM0","MXLSMT"
"Baljiwan Parekh","PLNPRK","PLNPRK"
"Avi NkhaiduEUX","AFNKTKS","AFNKTKS"
"Harinakshi Shtsaraf","HRNKXXTSRF","HRNKXXTSRF"
"Kristin Whikhte","KRSTNKT","KRSTNKT"
"Sudiksha Abhurora","STKXPRR","STKXPRR"
"Jose Sandoval","JSSNTFL","HSSNTFL"
"Laurie KaneIER","LRKNR","LRKNR"
"Urishilla Bhagat","ARXLPKT","ARXLPKT"
"Dr. Jennifer DunlapEAU","TRJNFRTNLP","TRJNFRTNLP"
"Brandi Jacobs","PRNTJKPS","PRNTHKPS"
"Ochnkar Apte","AKNKRPT","AKNKRPT"
"Ganga Narayanan","KNKNRNN","KNKNRNN"
"Lindsay Pierbhce","LNTSPRPS","LNTSPRPS"
"Joseph Mason","JSFMSN","HSFMSN"
"Janet ShawNG","JNTXNK","ANTXNK"
"Girindra TiwariNG","JRNTRTRNK","KRNTRTRNK"
"Ayush Cwitzhanda","AXKTSNT","AXKFXNT"
"Jthason Chacko","J0SNXK","ATSNKK"
"Letzena Chada","LTSNKT","LTSNKT"
"Dr. Charles Thdhompson","TRXRLS0TMPSN","TRKRLSTTMPSN"
"Barbara Johnson","PRPRJNSN","PRPRHNSN"
"Hayden GrayNG","HTNKRNK","HTNKRNK"
"Sarah Wintejhrs","SRNTJRS","SRNTJRS"
"Theretzsa Ashley","0RTSSXL","TRTSSXL"
"Angela Brown","ANJLPRN","ANKLPRN"
"Chasmum KachdeNGH","XSMMKKTNK","XSMMKKTNK"
"Joshua Maghll","JXMKL","AXMKL"
"Bhakhvini Raja","PKFNRJ","PKFNRJ"
"Mdhadhav Kale","MTTFKL","MTTFKL"
"Baljiwan RajNGH","PLNRNK","PLNRNK"
"Jerkhmaine SmithIER","JRKMNSM0R","ARKMNSMTR"
"Raagini KallaNGH","RJNKLNK","RKNKLNK"
"Patricia Martinez","PTRSMRTNS","PTRXMRTNS"
"Vedhika RastthogiEUX","FTKRS0JKS","FTKRSTKKS"
"Neelima Pancczhal","NLMPNKJL","NLMPNKJL"
"Eczlizabeth Moore","ASLSP0MR","AXLTSPTMR"
"Benjamin Ritkhter","PNJMNRTKTR","PNJMNRTKTR"
"Tara Merchant","TRMRXNT","TRMRKNT"
"Kathy DeleschonEUX","K0TLXNKS","KTTLXNKS"
"Wazir Hayer","ASRR","FTSRR"
"Carmen Johnson","KRMNJNSN","KRMNJNSN"
"Odika Shanker","ATKXNKR","ATKXNKR"
"Brittney Schroeder","PRTNXRTR","PRTNXRTR"
"Dkhana Arnold","TKNRNLT","TKNRNLT"
"Upma JaggiNG","APMJJNK","APMHKNK"
"Mpharia Turner","MFRTRNR","MFRTRNR"
"Vrishti DayalIER","FRXTTL","FRXTTLR"
"Vidhi Mani","FTMN","FTMN"
"Melissa MartinezNG","MLSMRTNSNK","MLSMRTNSNK"
"Omkaar KundaNG","AMKRKNTNK","AMKRKNTNK"
"Nachiket Din","NXKTN","NKKTN"
"Mghark Powell","MKRKPL","MKRKPL"
"Ashley BrownIER","AXLPRNR","AXLPRNR"
"Wesley Shbhah","ASLXP","FSLXP"
"Forum CherwitzianEAU","FRMXRTSN","FRMKRFXN"
"Qushi Batshri","KXPTXR","KXPTXR"
"Sameghsh Parikh","SMKXPRK","SMKXPRK"
"Anika SacharEUX","ANKSKRKS","ANKSKRKS"
"Kayla Reynolds","KLRNLTS","KLRNLTS"
"Kamya Bophrra","KMPFR","KMPFR"
"Bianca Wolf","PNKLF","PNKLF"
"Tanish Vawitzidya","TNXFTST","TNXFFXT"
"Arya Ram","ARRM","ARRM"
"Qadim Devan","KTMTFN","KTMTFN"
"Rebecca Hutznt","RPKHTSNT","RPKHTSNT"
"Krishna PardhikhNG","KRXNPRTKNK","KRXNPRTKNK"
"Eddie Lawson","ATLSN","ATLSN"
"Mary Riley","MRRL","MRRL"
"Amol Wchalla","AMLXL","AMLKL"
"Gunephet KhalsaIER","KNFTKLSR","KNFTKLSR"
"Dhruv Tandon","TRFTNTN","TRFTNTN"
"Abdul Pingle","APTLPNKL","APTLPNKL"
"Jschohn Hughes","JXNS","AXNS"
"Samantha PaschrsonsEUX","SMN0PXRSNSKS","SMNTPXRSNSKS"
"Vansha Manne","FNXMN","FNXMN"
"Pbhratyush ManiNG","PRTXMNNK","PRTXMNNK"
"Chdhatura Bajwa","XTTRPJ","XTTRPJ"
"Chaitanya Mangal","XTNMNKL","XTNMNKL"
"Tanay Suresh","TNSRX","TNSRX"
"Zaitra Dar","STRTR","STRTR"
"Balvan Mane","PLFNMN","PLFNMN"
"George Miller","JRJMLR","KRKMLR"
"Neel Mander","NLMNTR","NLMNTR"
"Wrbhidesh BrahmbhattEAU","RPTXPRMPT","RPTXPRMPT"
"Jake Ketzlly","JKKTSL","AKKTSL"
"Gathuri Sane","K0RSN","KTRSN"
"Pallavi Lala","PLFLL","PLFLL"
"Rehaan Dubey","RHNTP","RHNTP"
"Donaphld Warner","TNFLTRNR","TNFLTRNR"
"Andrew Bennedhtt","ANTRPNTT","ANTRPNTT"
"Nilima Sabhpharwal","NLMSPFRL","NLMSPFRL"
"Ati Chaudhari","ATXTR","ATKTR"
"Michelle Brown","MXLPRN","MKLPRN"
"Christina FijhscherNGH","KRSTNFJXRNK","KRSTNFJSKRNK"
"Timothy Skhmith","TM0SKM0","TMTSKMT"
"Zilmil Patla","SLMLPTL","SLMLPTL"
"Hunczter Terry","HNSTRTR","HNXTRTR"
"Timothy Harris","TM0HRS","TMTHRS"
"Julie Hunt","JLHNT","ALHNT"
"Scott Hatzyes","SK0TSS","SKTTSS"
"Samar Btzabu","SMRPTSP","SMRPTSP"
"Ranveer Sacschhdeva","RNFRSKXTF","RNFRSKXTF"
"Dalaja Biswas","TLJPSS","TLJPSS"
"Hamsthini BhargavaEAU","HMS0NPRKF","HMSTNPRKF"
"Raymowitznd BarnesEUX","RMTSNTPRNSKS","RMFXNTPRNSKS"
"Chavvi WableEUX","XFPLKS","XFPLKS"
"Janya JohalEAU","JNJHL","ANHHL"
"Pthraneel TailorEUX","P0RNLTLRKS","PTRNLTLRKS"
"Cody May","KTM","KTM"
"Tracy Reeves","TRSRFS","TRSRFS"
"Richard WchrightNG","RXRTXRTNK","RKRTKRTNK"
"Anvi Keer","ANFKR","ANFKR"
"Dayita Sengupta","TTSNKPT","TTSNKPT"
"Elizabetsth King","ALSPTS0KNK","ALTSPTSTKNK"
"Gunbir IstzsacNG","KNPRSTSSKNK","KNPRSTSSKNK"
"Chris Todd","KRSTT","KRSTT"
"Warda AuroraIER","ARTRRR","FRTRRR"
"Christine SmithEAU","KRSTNSM0","KRSTNSMT"
"Widisha Bhaschtnagar","ATXPXTNKR","FTXPXTNKR"
"Victor IsghsacNGH","FKTRSKSKNK","FKTRSKSKNK"
"Hardik Radhakrishnan","HRTKRTKRXNN","HRTKRTKRXNN"
"Aaron Brown","ARNPRN","ARNPRN"
"Dipta LoyalIER","TPTLL","TPTLLR"
"Ikshita Nanda","AKXTNNT","AKXTNNT"
"Heczma NaikEAU","HSMNK","HXMNK"
"Veer Khatri","FRKTR","FRKTR"
"Forum Morar","FRMRR","FRMRR"
"Dr. Jo Wilson","TRJLSN","TRJLSN"
"Faqbhid Dubey","FKPTP","FKPTP"
"Naveen PillaiIER","NFNPL","NFNPLR"
"Chaitaly Nair","XTLNR","XTLNR"
"Troy WothodsEAU","TR0TS","TRTTS"
"Joshua Botsra","JXPTSR","AXPTSR"
"Mighchael KashyapNG","MKLKXPNK","MXLKXPNK"
"Ekaraj Kchala","AKRKXL","AKRKKL"
"Christopher Mitra","KRSTFRMTR","KRSTFRMTR"
"Ridhi Oza","RTS","RTS"
"Wathkeeta BawaNGH","A0KTPNK","FTKTPNK"
"William Lanka","ALMLNK","FLMLNK"
"Vivaan Krishna","FFNKRXN","FFNKRXN"
"Adya Rao","ATR","ATR"
"Patricia Francis","PTRSFRNSS","PTRXFRNSS"
"Max TellaEAU","MKSTL","MKSTL"
"Anthony Mangal","AN0NMNKL","ANTNMNKL"
"Chakradev Lad","XKRTFLT","XKRTFLT"
"Sara Dasgupta","SRTSKPT","SRTSKPT"
"Bhavini Cschhoudhury","PFNKXTR","PFNKXTR"
"Qushi SatheNG","KXS0NK","KXSTNK"
"Triveni Kohli","TRFNKL","TRFNKL"
"Melissa Peterson","MLSPTRSN","MLSPTRSN"
"Urishiwitzlla Pandya","ARXTSLPNT","ARXFXLPNT"
"Chase ChristensenIER","XSKRSTNSN","XSKRSTNSNR"
"Davchid GordonEUX","TFXTKRTNKS","TFKTKRTNKS"
"Andrew ShaNGH","ANTRXNK","ANTRXNK"
"Dayita WaliNGH","TTLNK","TTLNK"
"Liam Nadkarni","LMNTKRN","LMNTKRN"
"Marcia Ortiz","MRSRTS","MRXRTS"
"Lori NguyenNGH","LRNKNK","LRNKNK"
"Annette Hobbs","ANTHPS","ANTHPS"
"Girik Gopal","JRKKPL","KRKKPL"
"Omisha Bdhanerjee","AMXPTNRJ","AMXPTNRJ"
"Zayyan Borah","SNPR","SNPR"
"Hitesh Pingle","HTXPNKL","HTXPNKL"
"Luke MemonEAU","LKMMN","LKMMN"
"Grace RatzmirezNG","KRSRTSMRSNK","KRSRTSMRSNK"
"Jason Thomas","JSNTMS","ASNTMS"
"Sandtsra Murillo","SNTSRMRLL","SNTSRMRL"
"Hiral Wason","HRLSN","HRLSN"
"Nicole Hawkins","NKLHKNS","NKLHKNS"
"Daniel MinhasEAU","TNLMNS","TNLMNS"
"Samaksh Srthinivasan","SMKXSR0NFSN","SMKXSRTNFSN"
"Hathrsh BediEUX","H0RXPTKS","HTRXPTKS"
"Tony Mcconnell","TNMKNL","TNMKNL"
"Nihal Nagi","NHLNJ","NHLNK"
"Thomas Lad","TMSLT","TMSLT"
"Sanya Vala","SNFL","SNFL"
"Deborah BarrphettEAU","TPRPRFT","TPRPRFT"
"Udyati Gkhera","ATTKKR","ATTKKR"
"Saumya Oowitzmmen","SMTSMN","SMFXMN"
"Denise Watts","TNSTS","TNSTS"
"Raghav BakshiEAU","RFPKX","RFPKX"
"Damphini Kulkarni","TMFNKLKRN","TMFNKLKRN"
"Tammy Partsker","TMPRTSKR","TMPRTSKR"
"Harshil Ktzara","HRXLKTSR","HRXLKTSR"
"John Cross","JNKRS","ANKRS"
"Gary WrightNGH","KRRTNK","KRRTNK"
"Karen Weber","KRNPR","KRNPR"
"Dev Choudhary","TFXTR","TFKTR"
"Ikshita BhatnagarNGH","AKXTPTNKRNK","AKXTPTNKRNK"
"Gaschil Cummings","KXLKMNKS","KXLKMNKS"
"Stacey Williams DVM","STSLMSTFM","STSLMSTFM"
"Geetika Wali","JTKL","KTKL"
"Manan KrishnamurthyIER","MNNKRXNMR0R","MNNKRXNMRTR"
"Yasti Gour","ASTKR","ASTKR"
"Patrick Basu","PTRKPS","PTRKPS"
"Anttzhony Sampath","ANTJNSMP0","ANTJNSMPT"
"Dennis YoungIER","TNSNJ","TNSNJR"
"Shivansh Chacphko","XFNXXKFK","XFNXKKFK"
"Christopher Morris","KRSTFRMRS","KRSTFRMRS"
"Jack Bandi","JKPNT","AKPNT"
"Avi Gdhoel","AFKTL","AFKTL"
"Christopher Bell","KRSTFRPL","KRSTFRPL"
"Jennifer DaughertyEAU","JNFRTRT","ANFRTRT"
"Jeff PetersEUX","JFPTRSKS","AFPTRSKS"
"Charita Raczju","XRTRSJ","XRTRXJ"
"Chad Crane","XTKRN","XTKRN"
"Lopa DewanEUX","LPTNKS","LPTNKS"
"Teerth Dass","TR0TS","TRTTS"
"Ryan Barman","RNPRMN","RNPRMN"
"Advay ChakrabartiIER","ATFXKRPRTR","ATFKKRPRTR"
"Vivaan VargheseNG","FFNFRKSNK","FFNFRKSNK"
"Isha DasgchuptaNGH","AXTSKXPTNK","AXTSKKPTNK"
"Fwitzaris Dua","FTSRST","FFXRST"
"Larry Payne","LRPN","LRPN"
"Aarna Muni","ARNMN","ARNMN"
"Gautam Mall","KTML","KTML"
"Kathy RiveraIER","K0RFRR","KTRFRR"
"Advay BattaIER","ATFPT","ATFPTR"
"Amruta Mawitzllick","AMRTMTSLK","AMRTMFXLK"
"Kalpjhit Khurana","KLPJTKRN","KLPJTKRN"
"Liam Mishra","LMXR","LMXR"
"Sachra Kapadia","SKRKPT","SKRKPT"
"Robert Watkins","RPRTTKNS","RPRTTKNS"
"Joshua Sarkhin","JXSRKN","AXSRKN"
"Dakshesh Goda","TKXXKT","TKXXKT"
"Kevtzin WrightNGH","KFTSNRTNK","KFTSNRTNK"
"Pamela Ellis","PMLLS","PMLLS"
"Bhawitzvna BanerjeeEUX","PTSFNPNRJKS","PFXFNPNRJKS"
"Megan Barnes","MKNPRNS","MKNPRNS"
"Tdhimothy Mendoza","TM0MNTS","TMTMNTS"
"Maria NealIER","MRNL","MRNLR"
"Ishita Ratta","AXTRT","AXTRT"
"Nicholas Joseph","NXLSJSF","NKLSHSF"
"Elizabeth Pacheco","ALSP0PXK","ALSPTPKK"
"Charan Doctor","XRNTKTR","XRNTKTR"
"Veer KhatriNG","FRKTRNK","FRKTRNK"
"Elizabeth Thjhomas","ALSP00JMS","ALSPTTJMS"
"Tyler ScottNG","TLRSKTNK","TLRSKTNK"
"Vivaan DarIER","FFNTR","FFNTRR"
"Brinda Mahajan","PRNTMHJN","PRNTMHHN"
"Brittany Harrison","PRTNHRSN","PRTNHRSN"
"Arthur Diaz","AR0RTS","ARTRTS"
"Kaghran Brahmbhatt","KRNPRMPT","KRNPRMPT"
"Lee Morrison","LMRSN","LMRSN"
"Hemangini Tkhrivedi","HMNJNTKRFT","HMNKNTKRFT"
"Indali KothariIER","ANTLK0RR","ANTLKTRR"
"Abha Som","APSM","APSM"
"Lindsay WilschonNG","LNTSLXNK","LNTSLXNK"
"Aarini Shan","ARNXN","ARNXN"
"Yug Saran","AKSRN","AKSRN"
"Zilmil Dani","SLMLTN","SLMLTN"
"Vrinda MahalEAU","FRNTMHL","FRNTMHL"
"Zarna Jayaraman","SRNJRMN","SRNHRMN"
"Lajita DaniIER","LJTTN","LJTTNR"
"Erik Forbes","ARKFRPS","ARKFRPS"
"Sarthak Sadhnt","SR0KSTNT","SRTKSTNT"
"Danny Hoover","TNHFR","TNHFR"
"Nisha BedhdiNGH","NXPTTNK","NXPTTNK"
"Jesse Reynolds","JSRNLTS","ASRNLTS"
"Nchitesh SamaEAU","NXTXSM","NKTXSM"
"Cbhlayton SmithEUX","KPLTNSM0KS","KPLTNSMTKS"
"Michelle MarphtinNGH","MXLMRFTNK","MKLMRFTNK"
"Laura Harris","LRHRS","LRHRS"
"Viraj Ramanathan","FRJRMN0N","FRJRMNTN"
"Curtis Ortiz","KRTSRTS","KRTSRTS"
"Chakradhar Bodhbal","XKRTRPTPL","XKRTRPTPL"
"Edhitha Chandran","AT0KNTRN","ATTKNTRN"
"Christopher DaczshIER","KRSTFRTSXR","KRSTFRTXXR"
"Aadi Ganesh","ATKNX","ATKNX"
"Mthatthew HarrisEUX","M00RSKS","MTTRSKS"
"John MurpkhhyEUX","JNMRPKKS","ANMRPKKS"
"Jeczssica GlassNGH","JSSKKLSNK","AXSKKLSNK"
"Falak JoshiIER","FLKXR","FLKXR"
"Niharika AtwalIER","NHRKTLR","NHRKTLR"
"Latsvanya PallaNGH","LTSFNPLNK","LTSFNPLNK"
"Reginald Nelstzon","RJNLTNLSTSN","RKNLTNLSTSN"
"Ucchal Chandra","AXLXNTR","AXLKNTR"
"Vijhraj Nayak","FJRNK","FJRNK"
"Harbhsh Sehgal","HRPXSKL","HRPXSKL"
"Yadachvi Bhasin","ATKFPSN","ATKFPSN"
"Sschaumya Patla","SXMPTL","SKMPTL"
"Janya SamraEUX","JNSMRKS","ANSMRKS"
"Ashley LandryIER","AXLLNTR","AXLLNTRR"
"Brian Bothlton","PRNP0LTN","PRNPTLTN"
"Gerald Swanson","KRLTSNSN","JRLTSNSN"
"Inaya Mbhuni","ANMPN","ANMPN"
"Vansha GulatiEUX","FNXKLTKS","FNXKLTKS"
"Tammy Pjherry","TMPJR","TMPJR"
"Anjali Dash","ANJLTX","ANJLTX"
"Chamwitzan Mody","XMTSNMT","XMFXNMT"
"Ekbal Trivedi","AKPLTRFT","AKPLTRFT"
"Heather Hernandez","H0RRNNTS","HTRRNNTS"
"Joseph Larson","JSFLRSN","HSFLRSN"
"Nathaniel Smith","N0NLSM0","NTNLSMT"
"Unphni Ghosh","ANFNX","ANFNX"
"Rushil Cherian","RXLXRN","RXLKRN"
"Reva WadhllaEUX","RFTLKS","RFTLKS"
"Adweta SubthramaniamNGH","ATTSP0RMNMNK","ATTSPTRMNMNK"
"Alyssa Jackson","ALSJKSN","ALSJKSN"
"Imaran Vasa","AMRNFS","AMRNFS"
"Meredith Hanbhson","MRT0NPSN","MRTTNPSN"
"Dominic Kannan","TMNKNN","TMNKNN"
"Natasha Mandhning","NTXMNTNNK","NTXMNTNNK"
"Ronald Daniel","RNLTNL","RNLTNL"
"Chandani PantNG","XNTNPNTNK","XNTNPNTNK"
"Monica Johnson","MNKJNSN","MNKHNSN"
"Daniel VasquezEUX","TNLFSKSKS","TNLFSKSKS"
"Libni Nkhagi","LPNNKJ","LPNNKK"
"James Ward","JMSRT","AMSRT"
"John CastilloIER","JNKSTL","ANKSTLR"
"Priya Bains","PRPNS","PRPNS"
"Janya Babu","JNPP","ANPP"
"Tyler Hansen","TLRNSN","TLRNSN"
"Guneet BuchEAU","KNTPX","KNTPK"
"Alejandro Tuckjher","ALJNTRTKR","ALJNTRTKR"
"Pamela Foster","PMLFSTR","PMLFSTR"
"Michael PjhowellIER","MKLPJLR","MXLPJLR"
"Neelima Stzura","NLMSTSR","NLMSTSR"
"Nitesh Bobal","NTXPPL","NTXPPL"
"Anvi Bhthat","ANFP0T","ANFPTT"
"Edghward Montgomery","ATKRTMNTKMR","ATKRTMNTKMR"
"Cjhlifford Paul","KJLFRTPL","KJLFRTPL"
"Nathan Tiwari","N0NTR","NTNTR"
"Hritik Sthuri","RTKS0R","RTKSTR"
"Hamsini KapaddhiaNG","HMSNKPTNK","HMSNKPTNK"
"Veer Sandhu","FRSNT","FRSNT"
"Daniel Thbhomas","TNL0PMS","TNLTPMS"
"Yadavi BahlEUX","ATFPLKS","ATFPLKS"
"Mr. Scott SwitztewartNG","MRSKTSTSTRTNK","MRSKTSFXTRTNK"
"Manan DchateIER","MNNTXT","MNNTKTR"
"Azad SaneNG","ASTSNNK","ASTSNNK"
"Anthony Potter","AN0NPTR","ANTNPTR"
"Christian MasonEAU","KRSXNMSN","KRSXNMSN"
"Jessbhica Young","JSPKNK","ASPKNK"
"Ijaya Srinivas","AJSRNFS","AHSRNFS"
"Lisa RichardsonNGH","LSRXRTSNK","LSRKRTSNK"
"Dichpta BhatiaNG","TXPTPXNK","TKPTPXNK"
"Randy Adams","RNTTMS","RNTTMS"
"Ishaan KohliIER","AXNKLR","AXNKLR"
"Machanav DeviEUX","MKNFTFKS","MKNFTFKS"
"Lakshmi Menphon","LKXMMNFN","LKXMMNFN"
"Laura Willikhams","LRLKMS","LRLKMS"
"Foczrum GhoseIER","FSRMKSR","FXRMKSR"
"Damyanti Chauhan","TMNTXHN","TMNTKHN"
"Waida Chana","ATKN","FTKN"
"Sarthak BumbNGH","SR0KPMPNK","SRTKPMPNK"
"Kristine Brotswn","KRSTNPRTSN","KRSTNPRTSN"
"Stephen Williams","STFNLMS","STFNLMS"
"Oliver ShroffIER","ALFRXRF","ALFRXRFR"
"Nicole Suthtton","NKLS0TN","NKLSTTN"
"Leczela DeshpandeNG","LSLTXPNTNK","LXLTXPNTNK"
"Tracy Howard","TRSHRT","TRSHRT"
"Jessica Riley","JSKRL","ASKRL"
"Ekapad ChanderNG","AKPTXNTRNK","AKPTKNTRNK"
"Bhavani Kumar","PFNKMR","PFNKMR"
"Kevin BeckIER","KFNPKR","KFNPKR"
"Gaurang Bora","KRNKPR","KRNKPR"
"Vyanjana Chaudry","FNJNKTR","FNJNKTR"
"Gaurangi Dave","KRNJTF","KRNKTF"
"Azad LalaNG","ASTLLNK","ASTLLNK"
"Kimberly HardinNG","KMPRLHRTNK","KMPRLHRTNK"
"Michelle MedinaNGH","MXLMTNNK","MKLMTNNK"
"Yash Bkhera","AXPKR","AXPKR"
"Adya Padhlan","ATPTLN","ATPTLN"
"Gary ThomasEAU","KRTMS","KRTMS"
"Yagnjhesh Mani","ANJXMN","AKNJXMN"
"Mugdha Patla","MKTPTL","MKTPTL"
"Saksham Tkhella","SKXMTKL","SKXMTKL"
"Oviphya Nath","AFFN0","AFFNT"
"Susan Jenkins","SSNJNKNS","SSNJNKNS"
"Andre Lghewis","ANTRLKS","ANTRLKS"
"Dtshruv Behl","TXRFPL","TXRFPL"
"Mictzhelle Williams","MKTJLLMS","MKTJLLMS"
"Frank Powell","FRNKPL","FRNKPL"
"Agastya ThakurEAU","AKST0KR","AKSTTKR"
"Waida Padmanabhan","ATPTMNPN","FTPTMNPN"
"Jennifer Coodhper MDEUX","JNFRKTPRMTKS","ANFRKTPRMTKS"
"Manan Bhardwaj","MNNPRTJ","MNNPRT"
"Rachghael CarlsonEUX","RKKLKRLSNKS","RKKLKRLSNKS"
"Karen HollowayNG","KRNLNK","KRNLNK"
"Thomas BajwaNG","TMSPJNK","TMSPJNK"
"Jagdkhish Narayanan","JKTKXNRNN","AKTKXNRNN"
"Aaron Kelly","ARNKL","ARNKL"
"Brian ObrienNGH","PRNPRNK","PRNPRNK"
"Yachana Seth","AXNS0","AKNST"
"Caphrmen JonesNGH","KFRMNJNSNK","KFRMNJNSNK"
"Sharon Cain","XRNKN","XRNKN"
"Chad Ryan","XTRN","XTRN"
"Hemal Trivedi","HMLTRFT","HMLTRFT"
"Mahika Ganesan","MHKKNSN","MHKKNSN"
"Jphames LewisNG","JFMSLSNK","AFMSLSNK"
"Veer AndraEAU","FRNTR","FRNTR"
"Hemanczgini GollaEAU","HMNSJNKL","HMNXKNKL"
"Megha PrschabhakarNG","MPRXPKRNK","MPRXPKRNK"
"Katherine WoodsEAU","K0RNTS","KTRNTS"
"Sean Saltsinas","SNSLTSNS","SNSLTSNS"
"Abdul Oommen","APTLMN","APTLMN"
"Ricky JohnsonNG","RKJNSNK","RKJNSNK"
"Chaman Mistry","XMNMSTR","XMNMSTR"
"Mantzya SharafNG","MNTSXRFNK","MNTSXRFNK"
"Saanvi SankarIER","SNFSNKRR","SNFSNKRR"
"Sathvik Char","S0FKXR","STFKKR"
"Chanakya KhuranaIER","XNKKRNR","XNKKRNR"
"Indali Jani","ANTLJN","ANTLHN"
"Daksh Warrior","TKXRR","TKXRR"
"Jeevika Chaudry","JFKKTR","AFKKTR"
"Siczddharth Bandi","SSTR0PNT","SXTRTPNT"
"Bhavna Garg","PFNKRK","PFNKRK"
"Rushil Dar","RXLTR","RXLTR"
"Zachary Walker","SKRLKR","SKRLKR"
"Michchele Ewing","MXXLNK","MKKLNK"
"Lakshmi BalasubramanianNGH","LKXMPLSPRMNNK","LKXMPLSPRMNNK"
"Hema GaraNGH","HMKRNK","HMKRNK"
"Snbheha Ben","SNPHPN","XNPHPN"
"Hamsini Talchwar","HMSNTLXR","HMSNTLKR"
"Jonathdhan SmallEAU","JN0TNSML","ANTTNSML"
"Angel Woodard","ANJLTRT","ANKLTRT"
"Yatzhvi BalasubramanianEAU","ATJPLSPRMNN","ATJPLSPRMNN"
"Falan Chechema","FLNXXM","FLNKKM"
"Sara Marshall","SRMRXL","SRMRXL"
"Shivankhsh Joshi","XFNKXJX","XFNKXJX"
"Kelly HollowayEAU","KLHL","KLHL"
"Darsh Sunder","TRXSNTR","TRXSNTR"
"Stacy Johnson","STSJNSN","STSHNSN"
"Kimberly James","KMPRLJMS","KMPRLJMS"
"Valgherie Carlson","FLKRKRLSN","FLKRKRLSN"
"Thbhomas Nagar","0PMSNKR","TPMSNKR"
"Advaith Gkhill","ATF0KKL","ATFTKKL"
"Jeet Sen","JTSN","ATSN"
"Aditya Chanda","ATTXNT","ATTKNT"
"Ria Raghavan","RRKFN","RRKFN"
"Kristina Rivera","KRSTNRFR","KRSTNRFR"
"Steven RosphalesEAU","STFNRSFLS","STFNRSFLS"
"Finn Srivkhastava","FNSRFKSTF","FNSRFKSTF"
"Samaksh Malldhick","SMKXMLTK","SMKXMLTK"
"Rghyan HerringIER","RKNRNJ","RKNRNJR"
"Onkar Deep","ANKRTP","ANKRTP"
"Meera Matsnnan","MRMTSNN","MRMTSNN"
"Wridesh DathraIER","RTXT0RR","RTXTTRR"
"Timothy JhaIER","TM0J","TMTJR"
"Nirja Ghose","NRJKS","NRJKS"
"Pooja Kjhota","PJKT","PJKT"
"Kai DinEAU","KTN","KTN"
"Chakradev Walia","XKRTFL","XKRTFL"
"Dennis Perry","TNSPR","TNSPR"
"Kashvi PphallaIER","KXFPLR","KXFPLR"
"Kristen Miller","KRSTNMLR","KRSTNMLR"
"Vansha Narayanan","FNXNRNN","FNXNRNN"
"Rehaan BartsadEAU","RHNPRTST","RHNPRTST"
"Bianca Garristzon","PNKKRSTSN","PNKKRSTSN"
"Faraj Prwitzasad","FRJPRTSST","FRJPRFXST"
"Samaksh Nadkarni","SMKXNTKRN","SMKXNTKRN"
"Edhitha Sathe","AT0S0","ATTST"
"Abhimanyu BoraEUX","APMNPRKS","APMNPRKS"
"Vamakshi Jaggi","FMKXJJ","FMKXJK"
"Jphalsa Goel","JFLSKL","AFLSKL"
"Troy HillEAU","TRHL","TRHL"
"Rachel Tucker","RXLTKR","RKLTKR"
"Ltzinda SanchezNGH","LTSNTSNXSNK","LTSNTSNKSNK"
"Rayaan Srivastava","RNSRFSTF","RNSRFSTF"
"Ansh Dyal","ANXTL","ANXTL"
"Daniel Morales","TNLMRLS","TNLMRLS"
"Zansi Purohit","SNSPRHT","SNSPRHT"
"Sarthchak Patil","SR0XKPTL","SRTKKPTL"
"Jason DaschvisEAU","JSNTXFS","ASNTXFS"
"Mary Shaffer","MRXFR","MRXFR"
"Watika BumbIER","ATKPMPR","FTKPMPR"
"Ladli Partsikh","LTLPRTSK","LTLPRTSK"
"Amaira Narayan","AMRNRN","AMRNRN"
"Lohit Badami","LHTPTM","LHTPTM"
"Randy Smithth","RNTSM00","RNTSMTT"
"Jczason Atwal","JSSNTL","AXSNTL"
"Zinal CheemaEUX","SNLXMKS","SNLKMKS"
"Anya TandonEAU","ANTNTN","ANTNTN"
"Jason Lewis","JSNLS","ASNLS"
"Josekhph Elliott","JSKFLT","HSKFLT"
"Mohammed RattanIER","MHMTRTN","MHMTRTNR"
"Michael BrightEAU","MKLPRT","MXLPRT"
"Vebhdika Sundaram","FPTKSNTRM","FPTKSNTRM"
"Omya DoshiNG","AMTXNK","AMTXNK"
"Triveni Solanki","TRFNSLNK","TRFNSLNK"
"Nidra ShuklaNG","NTRXKLNK","NTRXKLNK"
"Michael Flores","MKLFLRS","MXLFLRS"
"Kristine KellerEAU","KRSTNKLR","KRSTNKLR"
"Morgan JacksonEUX","MRKNJKSNKS","MRKNJKSNKS"
"Jamie Shtzaw","JMXTS","AMXTSF"
"Timothy DthaniEAU","TM0TN","TMTTN"
"Renee Shczepherd","RNXSFRT","RNXXFRT"
"Nachiket Peri","NXKTPR","NKKTPR"
"Madeline Smith","MTLNSM0","MTLNSMT"
"Omaja Sama","AMJSM","AMHSM"
"Wridesh Srivastava","RTXSRFSTF","RTXSRFSTF"
"Darsh Bala","TRXPL","TRXPL"
"James LeeEAU","JMSL","AMSL"
"Gunbtsir Ravel","KNPTSRFL","KNPTSRFL"
"Rghyan Reed","RKNRT","RKNRT"
"Robert Acharya","RPRTKR","RPRTKR"
"Arya Mani","ARMN","ARMN"
"Alexis Acosta","ALKSSKST","ALKSSKST"
"Leela Bhatti","LLPT","LLPT"
"Divya Shrothff","TFXR0F","TFXRTF"
"Udyatsti Modi","ATTSTMT","ATTSTMT"
"Kimberly RasmussenEUX","KMPRLRSMSNKS","KMPRLRSMSNKS"
"Nathaniel HoraEAU","N0NLR","NTNLR"
"Kristin HernandezNGH","KRSTNRNNTSNK","KRSTNRNNTTSNK"
"Michael Fox","MKLFKS","MXLFKS"
"Hema Saraf","HMSRF","HMSRF"
"Abhiram MangalEAU","APRMNKL","APRMNKL"
"Ria Sharma","RXRM","RXRM"
"Michael Green","MKLKRN","MXLKRN"
"Achrjun Varkey","AKRJNFRK","AKRJNFRK"
"Richard Hicks","RXRTKS","RKRTKS"
"Austin BarbtzerNG","ASTNPRPTSRNK","ASTNPRPTSRNK"
"Ebhkta AhujaEAU","APKTHJ","APKTHJ"
"Vrtsinda Saha","FRTSNTSH","FRTSNTSH"
"Xavier HollandEUX","SFRLNTKS","SFRLNTKS"
"Zashil MitterEUX","SXLMTRKS","SXLMTRKS"
"Bchrandon Butler","PXRNTNPTLR","PKRNTNPTLR"
"Audphrey King","ATFRKNK","ATFRKNK"
"Nitesh Minhas","NTXMNS","NTXMNS"
"Kerry JohnsonEAU","KRJNSN","KRJNSN"
"Rachphael George","RKFLJRJ","RKFLKRK"
"Janet Montgophmery","JNTMNTKFMR","ANTMNTKFMR"
"Pahal Agaphrwal","PHLKFRL","PHLKFRL"
"Vaishnavi Thaker","FXNF0KR","FXNFTKR"
"Girindra AtwdhalNG","JRNTRTTLNK","KRNTRTTLNK"
"Dhruv Bahl","TRFPL","TRFPL"
"Melissa Stone","MLSSTN","MLSSTN"
"Chakradev Sen","XKRTFSN","XKRTFSN"
"Colleen Howard","KLNRT","KLNRT"
"Jagrati Switzolanki","JKRTSTSLNK","AKRTSFXLNK"
"Richard Kline","RXRTKLN","RKRTKLN"
"Neelima Chahal","NLMKHL","NLMKHL"
"Sai Chatterjee","SXTRJ","SKTRJ"
"Hannthah Mcdonald","HN0MKTNLT","HNTMKTNLT"
"Darithka Samra","TR0KSMR","TRTKSMR"
"Gauczrika Thaker","KSRK0KR","KXRKTKR"
"Hemthani RamaEAU","HM0NRM","HMTNRM"
"Gunbir Warrior","KNPRRR","KNPRRR"
"Rathlph Anderson","R0LFNTRSN","RTLFNTRSN"
"Alison PatsulNGH","ALSNPTSLNK","ALSNPTSLNK"
"Anmol Goswami","ANMLKSM","ANMLKSM"
"Mdhichael PattonNG","MTKLPTNK","MTXLPTNK"
"Tarak MukschherjeeEUX","TRKMKXRJKS","TRKMKXRJKS"
"Brinda Raju","PRNTRJ","PRNTRJ"
"Steve Ward","STFRT","STFRT"
"Dephvika Atwal","TFFKTL","TFFKTL"
"Kpheya BhardwajEUX","KFPRTJKS","KFPRTJKS"
"Udarsh Swthamy","ATRXSTM","ATRXSTM"
"Pamela Byrd","PMLPRT","PMLPRT"
"Rachita Baitsns","RXTPTSNS","RKTPTSNS"
"Harini Pandya","HRNPNT","HRNPNT"
"Chameli NairNGH","XMLNRNK","XMLNRNK"
"Nandini MallickIER","NNTNMLKR","NNTNMLKR"
"Hritik Bthahri","RTKP0R","RTKPTR"
"Abeer GjhoelNGH","APRKJLNK","APRKJLNK"
"Rachana Oommen","RKNMN","RKNMN"
"Anmol Wali","ANMLL","ANMLL"
"Sarah KennedyEUX","SRKNTKS","SRKNTKS"
"Stephen FernandezEAU","STFNFRNNTS","STFNFRNNTS"
"Daniel BlaghirEAU","TNLPLR","TNLPLR"
"Mitali Kannan","MTLKNN","MTLKNN"
"Hritik MohantyNGH","RTKMHNTNK","RTKMHNTNK"
"Kevin Goodman","KFNKTMN","KFNKTMN"
"Dr. Francsches Barrett","TRFRNKXSPRT","TRFRNKXSPRT"
"Natalie Moore","NTLMR","NTLMR"
"Champak Radhakrishnan","XMPKRTKRXNN","XMPKRTKRXNN"
"Ryan SmallIER","RNSML","RNSMLR"
"Unnati Shan","ANTXN","ANTXN"
"Jonathan KhurtzanaNG","JN0NKRTSNNK","ANTNKRTSNNK"
"Owen ChahalEUX","ANXHLKS","ANKHLKS"
"Keya Goda","KKT","KKT"
"Aarna Adhrora","ARNTRR","ARNTRR"
"Nandini Chokshi","NNTNXKX","NNTNKKX"
"Kelly Pratt","KLPRT","KLPRT"
"Samuel Hayer","SMLR","SMLR"
"Om MbhoreEAU","AMPR","AMPR"
"Melissa JordanIER","MLSJRTN","MLSHRTNR"
"Jacob DathyalEUX","JKPT0LKS","AKPTTLKS"
"Nathan Munshi","N0NMNX","NTNMNX"
"Daksh Shetty","TKXXT","TKXXT"
"Andrew Batschra","ANTRPTXR","ANTRPTXR"
"Logan Sane","LKNSN","LKNSN"
"Samaksh Borchde","SMKXPRXT","SMKXPRKT"
"Nijhtara Char","NJTRKR","NJTRKR"
"Hiral Natarajan","HRLNTRJN","HRLNTRHN"
"Dev Seczkhon","TFSSKN","TFSXKN"
"Gaurika ChoudharyEUX","KRKKTRKS","KRKKTRKS"
"Gayathri SriczdharNGH","K0RSRSTRNK","KTRSRXTRNK"
"Edward Sharp","ATRTXRP","ATRTXRP"
"Brandy Lynch","PRNTLNX","PRNTLNK"
"Nilibhma Kaur","NLPMKR","NLPMKR"
"Edhitha Dani","AT0TN","ATTTN"
"Aarnav Bakshi","ARNFPKX","ARNFPKX"
"Heather FoleyNG","H0RFLNK","HTRFLNK"
"Vrishti ChahalEUX","FRXTXHLKS","FRXTKHLKS"
"Oeshi Chakraborty","AXXKRPRT","AXKKRPRT"
"Mitali Shanschker","MTLXNXKR","MTLXNXKR"
"Aditya Mahtsajan","ATTMTSJN","ATTMTSHN"
"Saksham Vora","SKXMFR","SKXMFR"
"Rebecca Moss","RPKMS","RPKMS"
"Tina Skhmith","TNSKM0","TNSKMT"
"Pooja Hatzyer","PJHTSR","PHHTSR"
"Donna Richards","TNRXRTS","TNRKRTS"
"Kevin Baxter","KFNPKSTR","KFNPKSTR"
"Charita Mojhdi","XRTMJT","XRTMJT"
"Jkhalsa Saxena","JKLSSKSN","AKLSSKSN"
"Aarav Oza","ARFS","ARFS"
"Ronith NarayananEUX","RN0NRNNKS","RNTNRNNKS"
"Tbharak Grewal","TPRKKRL","TPRKKRL"
"Eta Mand","ATMNT","ATMNT"
"Michael Wilson","MKLLSN","MXLLSN"
"Erica Parker","ARKPRKR","ARKPRKR"
"Chaitaly Biswdhas","XTLPSTS","XTLPSTS"
"Emighly Miller","AMLMLR","AMLMLR"
"Logan Bath","LKNP0","LKNPT"
"Vincent JaggiEAU","FNSNTJJ","FNSNTJK"
"Vasatika Choudhary","FSTKKTR","FSTKKTR"
"Lisa Hutsbbard","LSHTSPRT","LSHTSPRT"
"Lisa Johnson","LSJNSN","LSHNSN"
"Brad Bwitzrewer","PRTPTSRR","PRTPFXRR"
"Yagnesh NarayanNGH","ANXNRNK","AKNXNRNK"
"Upadhriczti Palla","APTRSTPL","APTRXTPL"
"Lakshit Samra","LKXTSMR","LKXTSMR"
"Yashoda Dora","AXTTR","AXTTR"
"Rakhdhika Parikh","RKTKPRK","RKTKPRK"
"Qasim Mallick","KSMLK","KSMLK"
"Kala TandonNGH","KLTNTNK","KLTNTNK"
"Kavya Sundaram","KFSNTRM","KFSNTRM"
"Akshay Lad","AKXLT","AKXLT"
"Larry Kelly","LRKL","LRKL"
"Hdhenry NarainIER","TNRNRN","TNRNRNR"
"Anthony Samra","AN0NSMR","ANTNSMR"
"Joseph Arnold","JSFRNLT","HSFRNLT"
"Ria SinghalNG","RSNKLNK","RSNKLNK"
"Bphradley Franklin","PFRTLFRNKLN","PFRTLFRNKLN"
"Nimrat Gulati","NMRTKLT","NMRTKLT"
"Amaira SinhaNGH","AMRSNNK","AMRSNNK"
"Eesha Basak","AXPSK","AXPSK"
"Yagnesh MukhopadhyayEUX","AKNXMKPTKS","AKNXMKPTKS"
"Omaja SachdevEUX","AMJSKTFKS","AMHSKTFKS"
"Advika Khalsa","ATFKKLS","ATFKKLS"
"Brijesh Sehgal","PRJXSKL","PRJXSKL"
"Robert Singhal","RPRTSNKL","RPRTSNKL"
"Ishczwar Handa","AXSRNT","AXXRNT"
"Tara Woods","TRTS","TRTS"
"Ladli Spharma","LTLSFRM","LTLSFRM"
"Tristan Babu","TRSTNPP","TRSTNPP"
"Urvi BtzhatNG","ARFPTJTNK","ARFPTJTNK"
"Karen JohndhsonEAU","KRNJNTSN","KRNJNTSN"
"Dayita D’Alia","TTTL","TTTL"
"Triveni Mallick","TRFNMLK","TRFNMLK"
"Gregory Young","KRKRNK","KRKRNK"
"Corey Brczyant","KRPRSNT","KRPRXNT"
"Priya SurNG","PRSRNK","PRSRNK"
"Jack Parekh","JKPRK","AKPRK"
"Jajhmes Lawrence","JJMSLRNS","AJMSLRNS"
"Richard ReidNG","RXRTRTNK","RKRTRTNK"
"Justin Wall DDS","JSTNLTS","ASTNLTS"
"Balveer Buch","PLFRPK","PLFRPK"
"Terry Ltzyons","TRLTSNS","TRLTSNS"
"Elizabeth KennetzdyEAU","ALSP0KNTST","ALTSPTKNTST"
"Kelly RobertsNGH","KLRPRTSNK","KLRPRTSNK"
"George WalkerIER","JRJLKRR","KRKLKRR"
"Chandresh SeshadriNGH","XNTRXSXTRNK","XNTRXSXTRNK"
"Ekanta Chacko","AKNTKK","AKNTKK"
"Rayaan TaraNG","RNTRNK","RNTRNK"
"Billy JacksonEUX","PLJKSNKS","PLJKSNKS"
"Vechda TankNG","FXTTNKNK","FKTTNKNK"
"Udarsh PanditEAU","ATRXPNTT","ATRXPNTT"
"Louis Johnson","LSNSN","LSNSN"
"Zansi KothariEUX","SNSK0RKS","SNSKTRKS"
"Teresa Jacobson","TRSJKPSN","TRSHKPSN"
"Daniel Wilson","TNLLSN","TNLLSN"
"Jackson Bhatkhti","JKSNPTKT","AKSNPTKT"
"Jczatin Konda","JSTNKNT","AXTNKNT"
"Amol MahalIER","AMLMHL","AMLMHLR"
"Jkhoshua PalanEUX","JKXPLNKS","AKXPLNKS"
"Shawn Thompson","XNTMPSN","XNTMPSN"
"Chaitaly RayNG","XTLRNK","XTLRNK"
"Aadhschya Basak","ATXPSK","ATXPSK"
"David Castro","TFTKSTR","TFTKSTR"
"John Edwards","JNTRTS","ANTRTS"
"Patwitzrick Arnold","PTTSRKRNLT","PTFXRKRNLT"
"Joy Little DVM","JLTLTFM","ALTLTFM"
"Jennifer Hansen","JNFRNSN","ANFRNSN"
"Madhav Jhaveri","MTFJFR","MTFJFR"
"Yvonne Patterson","AFNPTRSN","AFNPTRSN"
"Thomas DukhttaNG","TMSTKTNK","TMSTKTNK"
"Nidra PalEAU","NTRPL","NTRPL"
"Maanav Sothni","MNFS0N","MNFSTN"
"Danphiel Fernandez","TNFLFRNNTS","TNFLFRNNTS"
"Abha Mischtal","APMXTL","APMXTL"
"Pavghani Chadha","PFKNXT","PFKNKT"
"Shghirley Nelson","XKRLNLSN","XKRLNLSN"
"Omisha BaralNGH","AMXPRLNK","AMXPRLNK"
"Tarak KondaEAU","TRKNT","TRKNT"
"Bchhavika AggarwalIER","PXFKKRLR","PKFKKRLR"
"Jobhnathan Balay","JPN0NPL","APNTNPL"
"Jacqueline Mcjhcullough","JKLNMKJKLF","AKLNMKJKLF"
"Tammy Medina","TMMTN","TMMTN"
"Harrison ModhreNG","HRSNMTRNK","HRSNMTRNK"
"Mekhala DaraNG","MKLTRNK","MKLTRNK"
"Arya Mallick","ARMLK","ARMLK"
"Matthew EricksonNG","M0RKSNK","MTRKSNK"
"Anvi Borde","ANFPRT","ANFPRT"
"Andrew Moore","ANTRMR","ANTRMR"
"Daksha Agarwal","TKXKRL","TKXKRL"
"Nidra Sundaram","NTRSNTRM","NTRSNTRM"
"Amol Nori","AMLNR","AMLNR"
"Brian Wheeler","PRNLR","PRNLR"
"Stevkhen Owens","STFKNNS","STFKNNS"
"Faris PabhrmarNGH","FRSPPRMRNK","FRSPPRMRNK"
"Jason Lad","JSNLT","ASNLT"
"Inaya Manda","ANMNT","ANMNT"
"Panini Bose","PNNPS","PNNPS"
"Melissa Landry","MLSLNTR","MLSLNTR"
"Kelly Brady","KLPRT","KLPRT"
"Javier Sweeney","JFRSN","AFRSN"
"Valerie Brown","FLRPRN","FLRPRN"
"Abdul Jani","APTLN","APTLN"
"Edhlizabeth Williams","ATLSP0LMS","ATLTSPTLMS"
"Bishakha Rastokhgi","PXKRSTKJ","PXKRSTKK"
"Samaksh Bkhuch","SMKXPKK","SMKXPKK"
"Divya KadakiaEAU","TFKTK","TFKTK"
"Kevin Shekhre","KFNXKR","KFNXKR"
"Aachal Shrowitzff","AXLXRTSF","AKLXRFXF"
"Rtsyan Mandal","RTSNMNTL","RTSNMNTL"
"Tracy DawitzwsonIER","TRSTTSSNR","TRSTFXSNR"
"Gschabriel Goswami","KXPRLKSM","KXPRLKSM"
"Arunima Verdhma","ARNMFRTM","ARNMFRTM"
"Chandani WaschbleNG","XNTNXPLNK","XNTNXPLNK"
"Laban Boase","LPNPS","LPNPS"
"Joy MorenoIER","JMRN","AMRNR"
"Pavani Solanki","PFNSLNK","PFNSLNK"
"Dalbir Rao","TLPR","TLPR"
"Paubhla Miller","PPLMLR","PPLMLR"
"Lavanthya RajuEUX","LFN0RJKS","LFNTRJKS"
"Gloria Fowler","KLRFLR","KLRFLR"
"Wahab Hthari","AHP0R","FHPTR"
"Nathan Kajhnda","N0NKJNT","NTNKJNT"
"Sudiksha BabuEAU","STKXPP","STKXPP"
"Sai TrivediNG","STRFTNK","STRFTNK"
"Girindra Skhagar","JRNTRSKKR","KRNTRSKKR"
"Vasana PukhriNG","FSNPKRNK","FSNPKRNK"
"Gayathri Mannan","K0RMNN","KTRMNN"
"Sarthak D’AliaNGH","SR0KTLNK","SRTKTLNK"
"Bakhshi SastryIER","PKXSSTRR","PKXSSTRR"
"Brittney Ray","PRTNR","PRTNR"
"Falguni Parsa","FLKNPRS","FLKNPRS"
"Bhavya PanchalEUX","PFPNXLKS","PFPNKLKS"
"Karen Campbell","KRNKMPL","KRNKMPL"
"Gautam PandeyNGH","KTMPNTNK","KTMPNTNK"
"Etsric Ray","ATSRKR","ATSRKR"
"Edward WhejhelerNGH","ATRTJLRNK","ATRTJLRNK"
"Emily RusdhsellIER","AMLRSTSL","AMLRSTSLR"
"Elijah AgkhateEUX","ALJHKKTKS","ALJHKKTKS"
"Aghlan Shepard","ALNXPRT","ALNXPRT"
"Arin Tandon","ARNTNTN","ARNTNTN"
"Melanie Coleman","MLNKLMN","MLNKLMN"
"Vedhika Dtzhingra","FTKTJNKR","FTKTJNKR"
"Charlches Ross","XRLXSRS","XRLKSRS"
"Alka SinhaEUX","ALKSNKS","ALKSNKS"
"Jeet Luthra","JTL0R","ATLTR"
"Daniel WalkerEAU","TNLLKR","TNLLKR"
"Julie Green","JLKRN","ALKRN"
"Kayla Young","KLNK","KLNK"
"Forum DoghctorEAU","FRMTKTR","FRMTKTR"
"Saanvi Stshroff","SNFSTXRF","SNFSTXRF"
"Brett Howard","PR0RT","PRTRT"
"Gayathri Vczyas","K0RFSS","KTRFXS"
"Ojas SamiEAU","AJSM","AHSM"
"Brenda PgharkNGH","PRNTPKRKNK","PRNTPKRKNK"
"Krisha Parmar","KRXPRMR","KRXPRMR"
"Xavier Shetty","SFRXT","SFRXT"
"Melischnda Morrison","MLXNTMRSN","MLXNTMRSN"
"Rebecca Schmidt","RPKXMT","RPKXMT"
"Charles Gordon","XRLSKRTN","XRLSKRTN"
"Austin Ford","ASTNFRT","ASTNFRT"
"Eestsha Nagy","ASTXNK","ASTXNJ"
"Lajita ShankarEUX","LJTXNKRKS","LJTXNKRKS"
"Frank SmithEUX","FRNKSM0KS","FRNKSMTKS"
"Tina Ramirez","TNRMRS","TNRMRS"
"Lori Murphy","LRMRF","LRMRF"
"Reva Saxena","RFSKSN","RFSKSN"
"Colleen RomeczroEAU","KLNRMSR","KLNRMXR"
"Courtney Avila","KRTNFL","KRTNFL"
"Aarna ChadaNG","ARNKTNK","ARNKTNK"
"Patrchick Nichols","PTRXKNXLS","PTRKKNKLS"
"Paul Alexander","PLLKSNTR","PLLKSNTR"
"Megan Dickerson","MKNTKRSN","MKNTKRSN"
"Bruce Dschavis MD","PRSTXFSMT","PRSTXFSMT"
"Jonathan GcharciaEUX","JN0NKXRSKS","ANTNKKRXKS"
"Frank Williams","FRNKLMS","FRNKLMS"
"Dojhnna Taylor","TJNTLR","TJNTLR"
"Chanjhchal Sawhney","XNJXLSN","XNJKLSN"
"Zashil RayIER","SXLR","SXLRR"
"Briwitzan ArmstrongEAU","PRTSNRMSTRNJ","PRFXNRMSTRNK"
"Vedika Munshi","FTKMNX","FTKMNX"
"Donna PalmjherEUX","TNPLMJRKS","TNPLMJRKS"
"Qabil ChadhhalNG","KPLXTLNK","KPLKTLNK"
"Lekha Talwar","LKTLR","LKTLR"
"Ethan KrishwitznanEAU","A0NKRXTSNN","ATNKRXFXNN"
"Elizabeth Scott","ALSP0SKT","ALSPTSKT"
"Roghhan Kota","RNKT","RNKT"
"Kaitlin Mccann","KTLNMKN","KTLNMKN"
"Carolyn BradyNG","KRLNPRTNK","KRLNPRTNK"
"Robert Arrghoyo","RPRTRK","RPRTRK"
"Nancy Chavez","NNSXFS","NNSKFS"
"Aschdvika PingleEUX","AXTFKPNKLKS","AXTFKPNKLKS"
"Unni Hczayer","ANSR","ANXR"
"Susan LewisNGH","SSNLSNK","SSNLSNK"
"Anthony Iyengtzar","AN0NNKTSR","ANTNNKTSR"
"Robert Boyle","RPRTPL","RPRTPL"
"Vephdant Kunda","FFTNTKNT","FFTNTKNT"
"Tiffany DiazNGH","TFNTSNK","TFNTSNK"
"Abhiram Sharma","APRMXRM","APRMXRM"
"Dschaniel Sawyer","TXNLSR","TXNLSR"
"Falan KarIER","FLNKRR","FLNKRR"
"Metsghana UppalEAU","MTSKNPL","MTSKNPL"
"Kathryn Fbhrazier","K0RNFPRSR","KTRNFPRTSR"
"Taphnveer Hari","TFNFRR","TFNFRR"
"Raksha Kczeer","RKXKSR","RKXKXR"
"Kayla Norris","KLNRS","KLNRS"
"Madhavi Rajan","MTFRJN","MTFRHN"
"Thomas Bowers","TMSPRS","TMSPRS"
"Kimberly Rollins","KMPRLRLNS","KMPRLRLNS"
"Anjali Soni","ANJLSN","ANJLSN"
"Quincy Lal","KNSLL","KNSLL"
"Ladli Golla","LTLKL","LTLKL"
"Timothy KruegbherEUX","TM0KRKPRKS","TMTKRKPRKS"
"Diana Humphrey","TNHMFR","TNHMFR"
"Qushi LtsoyalEAU","KXLTSL","KXLTSL"
"Corey Ricwitzhardson","KRRKTSRTSN","KRRKFXRTSN"
"Tchriya Garg","XRKRK","XRKRK"
"Pchaul NelsonIER","PXLNLSN","PKLNLSNR"
"Katherine Smith","K0RNSM0","KTRNSMT"
"Ojas Mowitzrar","AJSMTSRR","AJSMFXRR"
"Donna GilbertIER","TNJLPRT","TNKLPRTR"
"Megha Bahl","MPL","MPL"
"Gaurika MithttalNG","KRKM0TLNK","KRKMTTLNK"
"Suhani DesdhaiNGH","SHNTSTNK","SHNTSTNK"
"Rphachel OdonnellEUX","RFXLTNLKS","RFKLTNLKS"
"Bradley Hamthilton","PRTLHM0LTN","PRTLHMTLTN"
"Om DubeEAU","AMTP","AMTP"
"Mwitziss Ashley Thompson","MTSSXLTMPSN","MFXSXLTMPSN"
"Chanaktzya Khosla","XNKTSKSL","XNKTSKSL"
"Wakeeta Gole","AKTKL","FKTKL"
"Olivia Tanner","ALFTNR","ALFTNR"
"Garrett Horne","KR0RN","KRTRN"
"Indrajit Chandra","ANTRJXNTR","ANTRJXNTR"
"Kimberbhly Russo","KMPRPLRS","KMPRPLRS"
"Christopher King","KRSTFRKNK","KRSTFRKNK"
"Unnati Mander","ANTMNTR","ANTMNTR"
"Wakeeta Ramachawitzndran","AKTRMKTSNTRN","FKTRMKFXNTRN"
"Derek DominguezNGH","TRKTMNKSNK","TRKTMNKTSNK"
"Luke BassiIER","LKPSR","LKPSR"
"Cheryl Htzarrell","XRLTSRL","XRLTSRL"
"Angela HantssenEAU","ANJLHNTSN","ANKLHNTSN"
"Krish ParkhekhEUX","KRXPRKKKS","KRXPRKKKS"
"Donald Jophhnston","TNLTJFNSTN","TNLTJFNSTN"
"Ellen Martinez","ALNMRTNS","ALNMRTNS"
"Charles WalkerEUX","XRLSLKRKS","XRLSLKRKS"
"Tanvdheer Loyal","TNFTRLL","TNFTRLL"
"Chaaya Pingle","XPNKL","XPNKL"
"George Bhatztt","JRJPTST","KRKPTST"
"Eesha ChandranIER","AXKNTRN","AXKNTRNR"
"Susan Hernandez","SSNRNNTS","SSNRNNTS"
"Udarsh Saphnghvi","ATRXSFNKF","ATRXSFNKF"
"Ridhi Wjhable","RTJPL","RTJPL"
"Yutika Bdhadami","ATKPTTM","ATKPTTM"
"Gaurangi Kachla","KRNJKKL","KRNKKKL"
"Upma Dutt","APMTT","APMTT"
"Steven PittmanEAU","STFNPTMN","STFNPTMN"
"Henry BirNG","HNRPRNK","HNRPRNK"
"Jagat Rama","JKTRM","AKTRM"
"Ladli AurbhoraNG","LTLRPRNK","LTLRPRNK"
"Kiaan Dephvan","KNTFFN","KNTFFN"
"Sathvik Mall","S0FKML","STFKML"
"Joschhn PorterEAU","JXNPRTR","AXNPRTR"
"Cbhassandra Mcclure","KPSNTRMKLR","KPSNTRMKLR"
"Harold Simmons DDSNG","HRLTSMNSTSNK","HRLTSMNSTSNK"
"Unni Krish","ANKRX","ANKRX"
"Anita Prabhakar","ANTPRPKR","ANTPRPKR"
"Tamara Allen","TMRLN","TMRLN"
"Matthew Coleman","M0KLMN","MTKLMN"
"Tanish Andra","TNXNTR","TNXNTR"
"Waltjher Hensley","ALTJRNSL","FLTJRNSL"
"Collin HarringtonNG","KLNRNKTNK","KLNRNKTNK"
"Nancy Romthero","NNSRM0R","NNSRMTR"
"Samantha BrownNGH","SMN0PRNK","SMNTPRNK"
"Tejas Borah","TJSPR","THSPR"
"Matthew Maynard","M0MNRT","MTMNRT"
"Jackson Holmes","JKSNLMS","AKSNLMS"
"Adwejhta Kunda","ATJTKNT","ATJTKNT"
"Prisha Bains","PRXPNS","PRXPNS"
"Neha MadanNG","NHMTNK","NHMTNK"
"Joshua Ddhiaz","JXTS","AXTS"
"Clinton Ross","KLNTNRS","KLNTNRS"
"Kai Behl","KPL","KPL"
"Falghak YohannanEUX","FLKKHNNKS","FLKKHNNKS"
"Anwitzdrea Wolfe","ANTSTRLF","ANFXTRLF"
"Alyssa Aschllen","ALSXLN","ALSXLN"
"Gaurika Gade","KRKKT","KRKKT"
"Christopher Jennings","KRSTFRJNNKS","KRSTFRJNNKS"
"Rayaan Mohghanty","RNMKNT","RNMKNT"
"Lavanya Ramakrishnan","LFNRMKRXNN","LFNRMKRXNN"
"Ranbkhir Rajan","RNPKRJN","RNPKRJN"
"Ntsaveen Oza","NTSFNS","NTSFNS"
"Guneet KjhrishnaNGH","KNTKRXNNK","KNTKRXNNK"
"Zayyan Shankar","SNXNKR","SNXNKR"
"Upma Pilldhai","APMPLT","APMPLT"
"Jamsches Jordan","JMXSRTN","AMXSRTN"
"John Carter","JNKRTR","ANKRTR"
"Christopher Goodman","KRSTFRKTMN","KRSTFRKTMN"
"Andrew OsborneNG","ANTRSPRNNK","ANTRSPRNNK"
"Sarah Sanders","SRSNTRS","SRSNTRS"
"Christopher Russell","KRSTFRSL","KRSTFRSL"
"Ekaschntika Handa","AKXNTKHNT","AKXNTKHNT"
"Nicole MaynardEAU","NKLMNRT","NKLMNRT"
"Kykhle Johnson","KKLJNSN","KKLJNSN"
"Sai Gade","SKT","SKT"
"Rishi Mohan","RXMHN","RXMHN"
"Nicholas Taylor","NXLSTLR","NKLSTLR"
"Christopher Kennedy","KRSTFRKNT","KRSTFRKNT"
"Jeffrey Hanson","JFRHNSN","AFRHNSN"
"Aprschil Moss","APRXLMS","APRXLMS"
"Nathan SnyderNG","N0NSNTRNK","NTNSNTRNK"
"Frederick Gade","FRTRKKT","FRTRKKT"
"Hannah Perkins","HNPRKNS","HNPRKNS"
"Janani Bhargava","JNNPRKF","ANNPRKF"
"Ikbal RcheddyNG","AKPLRXTNK","AKPLRKTNK"
"Antonio Cabhmeron","ANTNKPMRN","ANTNKPMRN"
"Hredhaan Yogi","RTNJ","RTNK"
"Susan Walker","SSNLKR","SSNLKR"
"Omkaar Rattan","AMKRTN","AMKRTN"
"Luke Raval","LKRFL","LKRFL"
"Jamie Crane","JMKRN","AMKRN"
"Bimala Raja","PMLRJ","PMLRH"
"Yashvi Balay","AXFPL","AXFPL"
"Geetika Om","JTKM","KTKM"
"Manya Chandtzer","MNXNTSR","MNKNTSR"
"Gatzry Miller","KTSRMLR","KTSRMLR"
"Matthew Jacjhkson","M0JKJKSN","MTJKJKSN"
"Jodhan Jones","JTNJNS","ATNJNS"
"Zaitra Oak","STRK","STRK"
"Teresa Boyd","TRSPT","TRSPT"
"Chandani Virk","XNTNFRK","XNTNFRK"
"Victor ChangEUX","FKTRXNJKS","FKTRKNKKS"
"Pallavi Varma","PLFFRM","PLFFRM"
"Eric SmithEUX","ARKSM0KS","ARKSMTKS"
"Lavanya DadaNGH","LFNTTNK","LFNTTNK"
"Bachittar Palchla","PXTRPLXL","PKTRPLKL"
"Mary Zhang","MRJNK","MRJNK"
"Harish MallNGH","HRXMLNK","HRXMLNK"
"Melissa Lam","MLSLM","MLSLM"
"Theoschdore Chandran","0XTRXNTRN","TXTRKNTRN"
"Oliver Bhatia","ALFRPX","ALFRPX"
"Christine ComptonNGH","KRSTNKMPTNK","KRSTNKMPTNK"
"Yashoda SurEAU","AXTSR","AXTSR"
"Alexis Weeks","ALKSSKS","ALKSSKS"
"Ryan Bhattacharyya","RNPTKR","RNPTKR"
"Siddharth DechsaiNGH","STR0TKSNK","STRTTKSNK"
"Ratzjata Chad","RTSJTKT","RTSJTKT"
"Stebhfanie Moore","STPFNMR","STPFNMR"
"Joshua Wilson","JXLSN","AXLSN"
"Caleb Sani","KLPSN","KLPSN"
"Dawn Menjhdoza","TNMNJTS","TNMNJTTS"
"Jeevika Nazareth","JFKNSR0","AFKNTSRT"
"Indali Randhghawa","ANTLRNTK","ANTLRNTK"
"Saanvi Sartzan","SNFSRTSN","SNFSRTSN"
"Peter ParmerEAU","PTRPRMR","PTRPRMR"
"Wendy Tate","ANTTT","FNTTT"
"Danny Allen","TNLN","TNLN"
"Shannon Molina","XNNMLN","XNNMLN"
"Aishani MangatNGH","AXNMNKTNK","AXNMNKTNK"
"Edward GilbertEUX","ATRJLPRTKS","ATRJLPRTKS"
"Krish Sur","KRXSR","KRXSR"
"Anghdrew DavisEUX","ANKTRTFSKS","ANKTRTFSKS"
"Nirja BhattiNG","NRJPTNK","NRJPTNK"
"Paul Schcott","PLXKT","PLXKT"
"Sidczdharth Brahmbhatt","STSTR0PRMPT","STXTRTPRMPT"
"Chelsey RosarioNG","XLSRSRNK","XLSRSRNK"
"Stuart Chawitzndler","STRXTSNTLR","STRXFXNTLR"
"Karen Armstrong","KRNRMSTRNK","KRNRMSTRNK"
"Alicia Hayes","ALSHS","ALXHS"
"Ethan Narayan","A0NRN","ATNRN"
"Urvashi LanthkaEAU","ARFXLN0K","ARFXLNTK"
"Tanveer Nadig","TNFRNTK","TNFRNTK"
"Lopa Stzingh","LPSTSNK","LPSTSNK"
"Chakradhar MotzdyEUX","XKRTRMTSTKS","XKRTRMTSTKS"
"Chanchal ZachariaIER","XNXLSKR","XNKLSKRR"
"Charles Lee","XRLSL","XRLSL"
"Parth Rwitzaju","PR0RTSJ","PRTRFXJ"
"Anczna Galvan","ANSNKLFN","ANXNKLFN"
"Ati Mander","ATMNTR","ATMNTR"
"Ms. Cindy Campbell MD","MSNTKMPLMT","MSNTKMPLMT"
"Vansha Oza","FNXS","FNXS"
"Faras Dalal","FRSTLL","FRSTLL"
"Marc Vasquez","MRKFSKS","MRKFSKS"
"Rohan VenkataramanNGH","RHNFNKTRMNK","RHNFNKTRMNK"
"Robin Spears","RPNSPRS","RPNSPRS"
"Jefbhfrey Cole","JFPFRKL","AFPFRKL"
"Meghan Obrien","MNPRN","MNPRN"
"Melinda Vargphas","MLNTFRKFS","MLNTFRKFS"
"Arya Savant","ARSFNT","ARSFNT"
"Zilmil Loke","SLMLK","SLMLK"
"Dakota Anderson","TKTNTRSN","TKTNTRSN"
"Joseph Kent","JSFKNT","HSFKNT"
"Balhaar Varughese","PLRFRKS","PLRFRKS"
"Darrell ClarkIER","TRLKLRKR","TRLKLRKR"
"Zayyan Karghnik","SNKRKNK","SNKRKNK"
"Yasjhhasvi Garde","ASSFKRT","ASSFKRT"
"Krishna Seshadri","KRXNSXTR","KRXNSXTR"
"Chthaman Suri","KTMNSR","KTMNSR"
"Mczelissa Brown","MSLSPRN","MXLSPRN"
"Chatura Vora","XTRFR","XTRFR"
"Pamela Wise","PMLS","PMLS"
"Wazir Anand","ASRNNT","FTSRNNT"
"Reyansh Nath","RNXN0","RNXNT"
"Marwitzvin MyersEAU","MRTSFNMRS","MRFXFNMRS"
"Aradhana Bava","ARTNPF","ARTNPF"
"Gautam Dutt","KTMTT","KTMTT"
"Keya Toor","KTR","KTR"
"Anmol Raman","ANMLRMN","ANMLRMN"
"Raagini Ramesh","RJNRMX","RKNRMX"
"Kashish BaralIER","KXXPRLR","KXXPRLR"
"Pchaul Friedman","PXLFRTMN","PKLFRTMN"
"Gloria Lam","KLRLM","KLRLM"
"Ekbhansh Subramanian","AKPNXSPRMNN","AKPNXSPRMNN"
"Chakradev Chand","XKRTFXNT","XKRTFKNT"
"Wridesh Loke","RTXLK","RTXLK"
"Leslie Pachbheco","LSLPKPK","LSLPKPK"
"Mahika Kamdghar","MHKKMTKR","MHKKMTKR"
"Waketheta Choudhury","AK0TKTR","FKTTKTR"
"Zinal DashEUX","SNLTXKS","SNLTXKS"
"Diana Robinson","TNRPNSN","TNRPNSN"
"Heather Russo","H0RS","HTRS"
"Amol Bava","AMLPF","AMLPF"
"Vyschanjana Goel","FXNJNKL","FXNJNKL"
"Darika Deep","TRKTP","TRKTP"
"Tarak Ahuja","TRKHJ","TRKHJ"
"Yutika JaggiNGH","ATKJJNK","ATKJKNK"
"Daniel Bennejhtt","TNLPNJT","TNLPNJT"
"Eiravati JhaIER","ARFTJ","ARFTJR"
"Rushil PillaiNG","RXLPLNK","RXLPLNK"
"David Dchuran","TFTXRN","TFTKRN"
"Saksham Bawa","SKXMP","SKXMP"
"Donna LewisNGH","TNLSNK","TNLSNK"
"Emily Medina","AMLMTN","AMLMTN"
"Chad GarciaEUX","XTKRSKS","XTKRXKS"
"Kyle Hinton","KLHNTN","KLHNTN"
"Joshua Johnson","JXJNSN","AXHNSN"
"Shghannon Murphy","XKNNMRF","XKNNMRF"
"Bkharkha Karpe","PKRKKRP","PKRKKRP"
"Nicholas RushNG","NXLSRXNK","NKLSRXNK"
"Marie GonzalezIER","MRKNSLS","MRKNSLSR"
"Ashley Byrd","AXLPRT","AXLPRT"
"Carol FitzgeraldEUX","KRLFTSKRLTKS","KRLFTSJRLTKS"
"Tammy Johnson","TMJNSN","TMHNSN"
"Terrabhnce Smith","TRPNSSM0","TRPNSSMT"
"Mr. Robert Morris","MRPRTMRS","MRPRTMRS"
"Sudiksha KottzhariIER","STKXKTJRR","STKXKTJRR"
"Kathy Martinez","K0MRTNS","KTMRTNTS"
"Brinbhda Sagar","PRNPTSKR","PRNPTSKR"
"Neel Joshi","NLX","NLX"
"Courtney Caldwell","KRTNKLTL","KRTNKLTL"
"Nirja Nagy","NRJNK","NRJNJ"
"Onkar Rai","ANKR","ANKR"
"Andrew BhatnagarNG","ANTRPTNKRNK","ANTRPTNKRNK"
"Nitara VkhoraIER","NTRFKRR","NTRFKRR"
"Victoria Harris","FKTRHRS","FKTRHRS"
"Qaghbil Sarkar","KPLSRKR","KPLSRKR"
"Jacob Cdhhaudhary","JKPKTTR","AKPKTTR"
"Lakshmi Vasa","LKXMFS","LKXMFS"
"Scott Huang","SK0NK","SKTNK"
"Frado Bal","FRTPL","FRTPL"
"Jagat Sahota","JKTSHT","AKTSHT"
"Julie Vega","JLFK","ALFK"
"Indali Chaudhuri","ANTLXTR","ANTLKTR"
"Thomas Gutierrez","TMSKTRS","TMSKTRS"
"Balendra Patil","PLNTRPTL","PLNTRPTL"
"Warjas Deep","ARJSTP","FRJSTP"
"Pallavi Sane","PLFSN","PLFSN"
"Daniel Velazquez","TNLFLSKS","TNLFLSKS"
"Raagini Swamy","RJNSM","RKNSM"
"Kevin NdhaikNG","KFNTKNK","KFNTKNK"
"Datslbir Mand","TTSLPRMNT","TTSLPRMNT"
"Harsh Duwitztt","HRXTTST","HRXTFXT"
"Fariq NagarajanEUX","FRKNKRJNKS","FRKNKRHNKS"
"Ontzveer Goswami","ANTSFRKSM","ANTSFRKSM"
"Vamakshi Dhar","FMKXTR","FMKXTR"
"Oscchar Mahajan","ASKRMHJN","ASKRMHHN"
"Chphaaya Singh","XFSNK","XFSNK"
"Ridhi LuthraIER","RTL0R","RTLTRR"
"Urvi DeepEAU","ARFTP","ARFTP"
"Balendra Dara","PLNTRTR","PLNTRTR"
"Brittney Kim","PRTNKM","PRTNKM"
"Benjamin Shukla","PNJMNXKL","PNJMNXKL"
"Vansha Iyewitzngar","FNXTSNKR","FNXFXNKR"
"Andrew Tripathi","ANTRTRP0","ANTRTRPT"
"Yakhshoda Narain","AKXTNRN","AKXTNRN"
"Jalsa ChakrchabartiEAU","JLSKKRXPRT","ALSKKRKPRT"
"Chasmum Badami","XSMMPTM","XSMMPTM"
"Stephen Sims","STFNSMS","STFNSMS"
"Kathryn WilliamsNGH","K0RNLMSNK","KTRNLMSNK"
"Vritti PphallEUX","FRTPLKS","FRTPLKS"
"Amanda Bush","AMNTPX","AMNTPX"
"Kaitlyn JohnsonIER","KTLNJNSNR","KTLNJNSNR"
"Sonia Edwards","SNTRTS","SNTRTS"
"Anthony Gordon","AN0NKRTN","ANTNKRTN"
"Aarna Bhtzattacharyya","ARNPTSTKR","ARNPTSTKR"
"Reyansh Zachachriah","RNXSKKR","RNXSKKR"
"Tyler YoughngEAU","TLRKNJ","TLRKNK"
"Maanas BansalIER","MNSPNSL","MNSPNSLR"
"Bhavna Parmar","PFNPRMR","PFNPRMR"
"Tiffany Nguyen","TFNNKN","TFNNKN"
"Theresa Gill","0RSJL","TRSKL"
"Steven Turner","STFNTRNR","STFNTRNR"
"Vasdhudha Rai","FSTTR","FSTTR"
"Joschhn Gill","JXNJL","AXNKL"
"Jyoti Sood","JTST","ATST"
"Daksh BhatiaNGH","TKXPXNK","TKXPXNK"
"Charan Mukhopadhyay","XRNMKPT","XRNMKPT"
"Mohammed Kapadia","MHMTKPT","MHMTKPT"
"Sara KrishnamurthyEAU","SRKRXNMR0","SRKRXNMRT"
"Rphanbir Choudhary","RFNPRXTR","RFNPRKTR"
"Dghevika ReddyNGH","TKFKRTNK","TKFKRTNK"
"Kabhla Murthy","KPLMR0","KPLMRT"
"Darjhius BriggsNG","TRJSPRKSNK","TRJSPRKSNK"
"Kashczvi Narayanan","KXSFNRNN","KXXFNRNN"
"Rothbert Jennings","R0PRTJNNKS","RTPRTJNNKS"
"Tina Michajhel","TNMXJL","TNMKJL"
"Shelby Bthishop","XLPP0XP","XLPPTXP"
"Patrick DominguezIER","PTRKTMNKSR","PTRKTMNKTSR"
"Danielle ChandlerEUX","TNLXNTLRKS","TNLKNTLRKS"
"Reva Ben","RFPN","RFPN"
"Advidhka PradhanEUX","ATFTKPRTNKS","ATFTKPRTNKS"
"Sai ComarNG","SKMRNK","SKMRNK"
"Ojasvi Sant","AJSFSNT","AHSFSNT"
"Rotshan Hora","RTXNR","RTXNR"
"Emily Zschamora","AMLSXMR","AMLSXMR"
"Geettsika Walia","JTSKL","KTSKL"
"Danny Watkins","TNTKNS","TNTKNS"
"Abschha Joshi","APXJX","APXHX"
"Courtney PhamEUX","KRTNFMKS","KRTNFMKS"
"Nathan Klein","N0NKLN","NTNKLN"
"James Singleton","JMSNKLTN","AMSNKLTN"
"John Zjhimmerman","JNSJMRMN","ANSJMRMN"
"Quincy ParbhsaEAU","KNSPRPS","KNSPRPS"
"Michelle BthrownIER","MXLP0RNR","MKLPTRNR"
"Vivaphan Varma","FFFNFRM","FFFNFRM"
"Vansha MitraIER","FNXMTR","FNXMTRR"
"Louis Walls","LSLS","LSLS"
"Victoria YokhungNG","FKTRKNKNK","FKTRKNKNK"
"Ritsdhi Sekhon","RTSTSKN","RTSTSKN"
"Motshini Dhaliwal","MTXNTLL","MTXNTLL"
"Ayushman Arora","AXMNRR","AXMNRR"
"Scokhtt Owens","SKKTNS","SKKTNS"
"Aarush KajhranEUX","ARXKJRNKS","ARXKJRNKS"
"Yutika TataNGH","ATKTTNK","ATKTTNK"
"Jacqueline Mchueller","JKLNMXLR","AKLNMKLR"
"Caleb NarulaEAU","KLPNRL","KLPNRL"
"Christopher Khurana","KRSTFRKRN","KRSTFRKRN"
"Brczandon Harrison","PRSNTNRSN","PRXNTNRSN"
"Samar Jani","SMRJN","SMRJN"
"Chakrika Mukherjee","XKRKMKRJ","XKRKMKRJ"
"Kristen Holmes","KRSTNLMS","KRSTNLMS"
"Reva RamNG","RFRMNK","RFRMNK"
"Manan Bajaj","MNNPJJ","MNNPH"
"Lakwitzshit Merchant","LKTSXTMRXNT","LKFXXTMRKNT"
"Rebecca RomanNG","RPKRMNK","RPKRMNK"
"Mahika AmbleNG","MHKMPLNK","MHKMPLNK"
"Nitara Dhaliwal","NTRTLL","NTRTLL"
"Sneha Ithssac","SNH0SK","XNHTSK"
"Charles Kadchakia","XRLSKTXK","XRLSKTKK"
"Daschvid Jimenez","TXFTJMNS","TXFTJMNS"
"Rebecczca SmithEAU","RPKSKSM0","RPKTSKSMT"
"Chwitzaitaly Rajagopal","KTSTLRJKPL","KFXTLRJKPL"
"Sabrina George DDS","SPRNJRJTS","SPRNKRKTS"
"Preston GroczssIER","PRSTNKRSSR","PRSTNKRXSR"
"Darpan ShettyNG","TRPNXTNK","TRPNXTNK"
"Upkaar JaggiNG","APKRJJNK","APKRJKNK"
"Falguni Khanna","FLKNKN","FLKNKN"
"Meera Iyer","MRR","MRR"
"Fczrederick Warren","FSRTRKRN","FXRTRKRN"
"Pahdhal Kaul","PTLKL","PTLKL"
"Christina Wghilson","KRSTNKLSN","KRSTNKLSN"
"Joghseph Ray","JSFR","ASFR"
"Babhhadurjit BasakEUX","PPTRJTPSKKS","PPTRJTPSKKS"
"Mitephsh Devan","MTFXTFN","MTFXTFN"
"Azad Bumb","ASTPM","ASTPM"
"Achnya Sandhu","AKNSNT","AKNSNT"
"Frank Espinoza","FRNKSPNS","FRNKSPNTS"
"Cynthia Garcia","SN0KRS","SNTKRX"
"Hiral Chowdhury","HRLXTR","HRLKTR"
"Banjeet Patel","PNJTPTL","PNJTPTL"
"Daniel Drake","TNLTRK","TNLTRK"
"Maanas Desai","MNSTS","MNSTS"
"Varenya Chajhhal","FRNXJL","FRNKJL"
"Girindra Tank","JRNTRTNK","KRNTRTNK"
"Stephanie Boyd","STFNPT","STFNPT"
"Abdul KczhuranaNGH","APTLKSRNNK","APTLKXRNNK"
"Courtthney McdanielEUX","KR0NMKTNLKS","KRTNMKTNLKS"
"Gina MaldonadoNG","KNMLTNTNK","JNMLTNTNK"
"Jagat Kade","JKTKT","AKTKT"
"Nischsha NazarethEUX","NXXNSR0KS","NXXNSRTKS"
"Chris Scchhroeder","KRSXRTR","KRSXRTR"
"Vwitzeda Manne","FTSTMN","FFXTMN"
"Ann StevensonNG","ANSTFNSNK","ANSTFNSNK"
"Zajhitra Kuruvilla","SJTRKRFLL","SJTRKRFL"
"Maria Roth","MRR0","MRRT"
"Lisa Nguyen","LSNKN","LSNKN"
"Htzemangini Dave","TSMNJNTF","TSMNKNTF"
"Jeet Narang","JTNRNK","ATNRNK"
"Radhika ChaudryNGH","RTKKTRNK","RTKKTRNK"
"Chavvi Pathak","XFP0K","XFPTK"
"Dedhvika Mangal","TTFKMNKL","TTFKMNKL"
"Tratsvis RothEAU","TRTSFSR0","TRTSFSRT"
"Unni Gojhpal","ANKJPL","ANKJPL"
"Sakhnaya DeepEUX","SKNTPKS","SKNTPKS"
"Arunima Kata","ARNMKT","ARNMKT"
"Brandon HallNGH","PRNTNLNK","PRNTNLNK"
"Nicphholas Daniel","NKFLSTNL","NKFLSTNL"
"Edhitha Konda","AT0KNT","ATTKNT"
"Christina Mchoss","KRSTNMXS","KRSTNMKS"
"Zaydhan Tailor","STNTLR","STNTLR"
"Upadhriti Chaudhary","APTRTXTR","APTRTKTR"
"Gauri Dalchal","KRTLXL","KRTLKL"
"Aarav Basak","ARFPSK","ARFPSK"
"Christina Garcia","KRSTNKRS","KRSTNKRX"
"Dr. Robert WagnerEAU","TRPRTKNR","TRPRTKNR"
"Courtnwitzey ObrienIER","KRTNTSPRNR","KRTNFXPRNR"
"Brandi Ford","PRNTFRT","PRNTFRT"
"Herbert VasqughezIER","HRPRTFSKKS","HRPRTFSKKSR"
"Darika BirNGH","TRKPRNK","TRKPRNK"
"Lschaksh BhardwajNG","LXKXPRTNK","LXKXPRTNK"
"Scott NeltssonNGH","SKTNLTSNK","SKTNLTSNK"
"Jonathan Alvarado","JN0NLFRT","ANTNLFRT"
"Krishna Voghhra","KRXNFKR","KRXNFKR"
"Bijhna Mahajan","PJNMHJN","PJNMHHN"
"Vansha Toor","FNXTR","FNXTR"
"Jthatin Bir","J0TNPR","ATTNPR"
"Lipijhka MohanIER","LPJKMHNR","LPJKMHNR"
"Darika Vchasa","TRKFXS","TRKFKS"
"Lipika PrashadNG","LPKPRXTNK","LPKPRXTNK"
"Sandra Frederkhick","SNTRFRTRKK","SNTRFRTRKK"
"Erin Bkharton","ARNPKRTN","ARNPKRTN"
"Anusha Narasimhan","ANXNRSMN","ANXNRSMN"
"Janaki Merchant","JNKMRXNT","ANKMRKNT"
"Logtzan Murthy","LKTSNMR0","LKTSNMRT"
"Mitesh KalijhtaNG","MTXKLJTNK","MTXKLJTNK"
"Rajeshri Batta","RJXRPT","RJXRPT"
"Davschid Ford","TFXTFRT","TFXTFRT"
"Jason James","JSNJMS","ASNJMS"
"Chanchal Batsssi","XNXLPTSS","XNKLPTSS"
"Steven Shelton","STFNXLTN","STFNXLTN"
"Naveen Bawitzjwa","NFNPTSJ","NFNPFXJ"
"Xiti Dar","STTR","STTR"
"Fracznk Price","FRSNKPRS","FRXNKPRS"
"Vaishnavi GalaNG","FXNFKLNK","FXNFKLNK"
"Yvonne Ajhlvarez","AFNJLFRS","AFNJLFRS"
"Mohini SolankiNG","MHNSLNKNK","MHNSLNKNK"
"Daniel BennettNG","TNLPNTNK","TNLPNTNK"
"Anjali Sarin","ANJLSRN","ANJLSRN"
"Lohit Attzwal","LHTTSL","LHTTSL"
"Ishwar De","AXRT","AXRT"
"Cthody Yoder","K0TTR","KTTTR"
"Dayamai Contractor","TMKNTRKTR","TMKNTRKTR"
"Tedherth Narasimhan","TTR0NRSMN","TTRTNRSMN"
"Nisha Tachta","NXTKT","NXTKT"
"Peter MartinezNG","PTRMRTNSNK","PTRMRTNSNK"
"Raghav Gawitzra","RFKTSR","RFKFXR"
"Faras Balakrishnan","FRSPLKRXNN","FRSPLKRXNN"
"Raksha Borah","RKXPR","RKXPR"
"Jagrati Bakshi","JKRTPKX","AKRTPKX"
"Advik Keer","ATFKR","ATFKR"
"Ralph MooreIER","RLFMR","RLFMRR"
"Widisha Balasubramanian","ATXPLSPRMNN","FTXPLSPRMNN"
"Mr. Donald Johnson","MRTNLTJNSN","MRTNLTJNSN"
"Leschela Arya","LXLR","LXLR"
"Abhibhram GhoseIER","APPRMKS","APPRMKSR"
"Christopher Bender","KRSTFRPNTR","KRSTFRPNTR"
"Sadhra ThomasIER","STRTMS","STRTMSR"
"Adhdvaith Palla","ATTF0PL","ATTFTPL"
"Nschaveen Parikh","NXFNPRK","NXFNPRK"
"Vasatika Palla","FSTKPL","FSTKPL"
"Dalaja Dasgupta","TLJTSKPT","TLHTSKPT"
"Rbhobert Montes","RPPRTMNTS","RPPRTMNTS"
"Ljhibni Purohit","LPNPRHT","LPNPRHT"
"Maria Walker","MRLKR","MRLKR"
"Luke PeriEAU","LKPR","LKPR"
"Lauren WoodsIER","LRNTSR","LRNTSR"
"Eiravati Baghva","ARFTPF","ARFTPF"
"Thomas Andrews","TMSNTRS","TMSNTRS"
"Gayathri BaschssiIER","K0RPXS","KTRPXSR"
"Radhika Dewan","RTKTN","RTKTN"
"Zansi Basu","SNSPS","SNSPS"
"Unni Chaudry","ANXTR","ANKTR"
"Victor Grant","FKTRKRNT","FKTRKRNT"
"Hredhaan Aczgate","RTNSKT","RTNXKT"
"Kbhavya Shetty","KPFXT","KPFXT"
"Jajhnya RoyEUX","JJNRKS","AJNRKS"
"Gabriel Bacznsal","KPRLPSNSL","KPRLPXNSL"
"Aayush Seshadri","AXSXTR","AXSXTR"
"Eric Gallegos","ARKLLKS","ARKLKS"
"Yachana Kosjhhy","AXNKS","AKNKS"
"Lila Tbhrivedi","LLTPRFT","LLTPRFT"
"Vyanjana NarayananNGH","FNJNNRNNK","FNJNNRNNK"
"Kakhran MukhopadhyayEAU","KKRNMKPT","KKRNMKPT"
"Francisco ThomasNG","FRNSSKTMSNK","FRNSSKTMSNK"
"Yashschasvi Natarajan","AXXSFNTRJN","AXXSFNTRHN"
"Aryan BathNG","ARNP0NK","ARNPTNK"
"Ekanta Batzla","AKNTPTSL","AKNTPTSL"
"Rethyansh DeepNG","R0NXTPNK","RTNXTPNK"
"Vincent Mitra","FNSNTMTR","FNSNTMTR"
"Gaurav BrarNG","KRFPRRNK","KRFPRRNK"
"Ashley Banks","AXLPNKS","AXLPNKS"
"Kathleen NczovakEUX","K0LNSFKKS","KTLNXFKKS"
"Rdhanveer Sheth","RTNFRX0","RTNFRXT"
"Indali Dyghal","ANTLTL","ANTLTL"
"Noah Loke","NLK","NLK"
"Renee Berthry","RNPR0R","RNPRTR"
"Naveen Venkataraman","NFNFNKTRMN","NFNFNKTRMN"
"Scott JohschnsonIER","SKTJXNSN","SKTJXNSNR"
"Tristjhan BhattiNG","TRSTJNPTNK","TRSTJNPTNK"
"Patrschicia Anderson","PTRXSNTRSN","PTRXXNTRSN"
"Turvi Bath","TRFP0","TRFPT"
"Npheel Natarajan","NFLNTRJN","NFLNTRHN"
"Susan Owens","SSNNS","SSNNS"
"John PowersIER","JNPRSR","ANPRSR"
"Yahvi Kadakia","AFKTK","AFKTK"
"Trivtzeni Rajagopalan","TRFTSNRJKPLN","TRFTSNRHKPLN"
"Aachal Dixit","AXLTKST","AKLTKST"
"Balvan MannanEUX","PLFNMNNKS","PLFNMNNKS"
"Kenneth Tojhrres","KN0TJRS","KNTTJRS"
"Zayan Bhasin","SNPSN","SNPSN"
"Nitwitzara SanghviNGH","NTTSRSNKFNK","NTFXRSNKFNK"
"Lakshit Narasimhan","LKXTNRSMN","LKXTNRSMN"
"Vidhi Sehgal","FTSKL","FTSKL"
"Wkhendy GonzalesIER","KNTKNSLSR","KNTKNTSLSR"
"Jhalak DeepNGH","JLKTPNK","ALKTPNK"
"Ronith Dass","RN0TS","RNTTS"
"Bailey Anderson","PLNTRSN","PLNTRSN"
"Joseph Jones","JSFJNS","HSFJNS"
"Vajhmakshi Hayre","FJMKXHR","FJMKXHR"
"Ekanta Chaudhari","AKNTKTR","AKNTKTR"
"Chaitankhya Cheema","XTNKXM","XTNKKM"
"Lisa Grant","LSKRNT","LSKRNT"
"Jennifer Barnes","JNFRPRNS","ANFRPRNS"
"Stsamesh Pau","STSMXP","STSMXP"
"Cghhristine JonesNG","KRSTNJNSNK","KRSTNHNSNK"
"Laura Mitchell","LRMXL","LRMXL"
"Jacthkson ManneNG","JK0KSNMNNK","AKTKSNMNNK"
"Erika Collier","ARKKLR","ARKKLR"
"Sonia HicksNGH","SNHKSNK","SNHKSNK"
"Bishakha Chandra","PXKKNTR","PXKKNTR"
"Kara Brewczer","KRPRSR","KRPRXR"
"Omya Natt","AMNT","AMNT"
"Urishilla KandaIER","ARXLKNTR","ARXLKNTR"
"Wakeeta Dutta","AKTTT","FKTTT"
"Jghames KellyNG","JKMSKLNK","AKMSKLNK"
"Ericzca LoweryEAU","ARSKLR","ARXKLR"
"Jasthon CruzEAU","JS0NKRS","ASTNKRS"
"Brendan Hkhorn","PRNTNKRN","PRNTNKRN"
"Ira Khanna","ARKN","ARKN"
"Matthczew Mayo","M0SM","MTXM"
"Catjhhy AustinNG","KTJSTNK","KTJSTNK"
"Zphayyan GoelIER","SFNKL","SFNKLR"
"Upasna Baria","APSNPR","APSNPR"
"Faris Shenoy","FRSN","FRSN"
"James Padilbhla","JMSPTLPL","AMSPTLPL"
"Warjas Mangal","ARJSMNKL","FRJSMNKL"
"Rajeshri Boase","RJXRPS","RJXRPS"
"Athrya AtwalIER","A0RTLR","ATRTLR"
"Thomas Bava","TMSPF","TMSPF"
"Alexander LbhewisNG","ALKSNTRLPSNK","ALKSNTRLPSNK"
"Bhavna Shan","PFNXN","PFNXN"
"Jagvi Srinivasan","JKFSRNFSN","AKFSRNFSN"
"Elphizabeth Patel","ALFSP0PTL","ALFSPTPTL"
"David Gretsene","TFTKRTSN","TFTKRTSN"
"George PathlanNG","JRJP0LNK","KRKPTLNK"
"Kamala Nori","KMLNR","KMLNR"
"Yadavi NarayanIER","ATFNRN","ATFNRNR"
"Mark Chan","MRKXN","MRKKN"
"Fczariq Suri","FSRKSR","FXRKSR"
"Latsvanya NigamNGH","LTSFNNKMNK","LTSFNNKMNK"
"Brijesh ChandraNG","PRJXXNTRNK","PRJXKNTRNK"
"Amara Dube","AMRTP","AMRTP"
"Krishna Sarraf","KRXNSRF","KRXNSRF"
"William KohliNGH","ALMKLNK","FLMKLNK"
"Peter Henderson","PTRNTRSN","PTRNTRSN"
"Hamsini Pradhan","HMSNPRTN","HMSNPRTN"
"Kristy DavisNG","KRSTTFSNK","KRSTTFSNK"
"Dominwitzic PatlaNGH","TMNTSKPTLNK","TMNFXKPTLNK"
"Rayaan Ratta","RNRT","RNRT"
"Nathan NormbhanNG","N0NRMPNK","NTNRMPNK"
"Warinder ToorNG","ARNTRTRNK","FRNTRTRNK"
"Kelly Buck","KLPK","KLPK"
"Gaythathri ValaIER","K00RFL","KTTRFLR"
"Indira Kar","ANTRKR","ANTRKR"
"Rdhobin Wilson","RTPNLSN","RTPNLSN"
"Yatin Bassi","ATNPS","ATNPS"
"Yasti BuchNGH","ASTPKNK","ASTPKNK"
"Shravya Patla","XRFPTL","XRFPTL"
"Urmi SethiNG","ARMS0NK","ARMSTNK"
"Pahal Pandya","PHLPNT","PHLPNT"
"William Brown","ALMPRN","FLMPRN"
"Gaurang Jani","KRNKJN","KRNKJN"
"Abhiram HansIER","APRMNS","APRMNSR"
"Anita Datta","ANTTT","ANTTT"
"Mary Aguilar","MRKLR","MRKLR"
"John WildhsonNG","JNLTSNK","ANLTSNK"
"Nathantziel MartinIER","N0NTSLMRTN","NTNTSLMRTNR"
"Dakshesh SwaminathanNG","TKXXSMN0NK","TKXXSMNTNK"
"Susan Jacksdhon","SSNJKSTN","SSNJKSTN"
"Tanay KantNGH","TNKNTNK","TNKNTNK"
"Eiravtsati Basak","ARFTSTPSK","ARFTSTPSK"
"Zthayyan Mukherjee","S0NMKRJ","STNMKRJ"
"Bishakha Choudhry","PXKKTR","PXKKTR"
"Geetika BattaEUX","JTKPTKS","KTKPTKS"
"Carl BrobhwnNGH","KRLPRPNK","KRLPRPNK"
"Jennifer SmdhithNGH","JNFRSMT0NK","ANFRSMTTNK"
"Pranav Chadha","PRNFXT","PRNFKT"
"Todd Miller","TTMLR","TTMLR"
"Nathan Dalschton","N0NTLXTN","NTNTLXTN"
"Oeshi Setty","AXST","AXST"
"Mitali Viswanathan","MTLFSN0N","MTLFSNTN"
"Frederick Natt","FRTRKNT","FRTRKNT"
"Jeevika Chokshi","JFKKKX","AFKKKX"
"Inaczya Bassi","ANSPS","ANXPS"
"Panitzni Krishnamurthy","PNTSNKRXNMR0","PNTSNKRXNMRT"
"Wazir Varughese","ASRFRKS","FTSRFRKS"
"Jamie SmithNGH","JMSM0NK","AMSMTNK"
"Rudra Handa","RTRHNT","RTRHNT"
"Frederick Schmidt","FRTRKXMT","FRTRKXMT"
"Eugene Williams","AJNLMS","AKNLMS"
"Nitachra Sathe","NTKRS0","NTKRST"
"David MarsjhhallNGH","TFTMRSLNK","TFTMRSLNK"
"Urmi Das","ARMTS","ARMTS"
"Gina WarrenNG","KNRNK","JNRNK"
"Vihaan GoleNGH","FHNKLNK","FHNKLNK"
"Bhavika OmEAU","PFKM","PFKM"
"Charles Pillai","XRLSPL","XRLSPL"
"Tyler Lopjhez DDS","TLRLPJSTS","TLRLPJSTS"
"Faraj Sen","FRSN","FRSN"
"Omya Natarajan","AMNTRJN","AMNTRHN"
"Nicole Romero","NKLRMR","NKLRMR"
"Jagrdhati DaraNG","JKRTTTRNK","AKRTTTRNK"
"Joshua JohnsonNG","JXJNSNK","AXHNSNK"
"Daksh Karnik","TKXKRNK","TKXKRNK"
"James JonesIER","JMSNS","AMSNSR"
"Gagan SaxenaIER","KKNSKSN","KKNSKSNR"
"Onvscheer Prakash","ANFXRPRKX","ANFXRPRKX"
"Yamini Shanker","AMNXNKR","AMNXNKR"
"Amaira Parekh","AMRPRK","AMRPRK"
"Ekavir Sastry","AKFRSSTR","AKFRSSTR"
"Laksh ShuklaEAU","LKXXKL","LKXXKL"
"Samar Patel","SMRPTL","SMRPTL"
"Radhika ParekhNGH","RTKPRKNK","RTKPRKNK"
"Tanghvi RamanathanEAU","TNKFRMN0N","TNKFRMNTN"
"Fariq Solanki","FRKSLNK","FRKSLNK"
"Eiravjhati Devi","ARFJTTF","ARFJTTF"
"Krish Prakash","KRXPRKX","KRXPRKX"
"Crystal Evans","KRSTLFNS","KRSTLFNS"
"Sdhanya SuriEUX","STNSRKS","STNSRKS"
"Michael KerrEUX","MKLKRKS","MXLKRKS"
"Saumya Khosghla","SMKSKL","SMKSKL"
"Upczadhriti Sami","APSTRTSM","APXTRTSM"
"Bhavtzani Kara","PFTSNKR","PFTSNKR"
"Yashica Subramanjhian","AXKSPRMNJN","AXKSPRMNJN"
"Pooghja Gola","PKJKL","PKJKL"
"Janaki Vecznkataraman","JNKFSNKTRMN","ANKFXNKTRMN"
"Lila DhawanNGH","LLTNK","LLTNK"
"Qaczrin Mannan","KSRNMNN","KXRNMNN"
"Brinda Oza","PRNTS","PRNTS"
"Libni Dyal","LPNTL","LPNTL"
"Benjamin Barad","PNJMNPRT","PNJMNPRT"
"Rtsobert Allen","RTSPRTLN","RTSPRTLN"
"Ltzajita Narang","LTSJTNRNK","LTSJTNRNK"
"Ddharsh Vora","TRXFR","TRXFR"
"Chatura CodhntractorNGH","XTRKTNTRKTRNK","XTRKTNTRKTRNK"
"Jo Laczng","JLSNK","ALXNK"
"Ekavir Ratsttan","AKFRTSTN","AKFRTSTN"
"Tanmayi KotaNGH","TNMKTNK","TNMKTNK"
"Yasczhodhara Sura","ASKTRSR","ASKTRSR"
"Carl ParkerEUX","KRLPRKRKS","KRLPRKRKS"
"Parth Swaminathan","PR0SMN0N","PRTSMNTN"
"Frado Auroghra","FRTRKR","FRTRKR"
"Nathaniel Blackwell","N0NLPLKL","NTNLPLKL"
"Nilima JohalNG","NLMJHLNK","NLMHHLNK"
"Vanessa Miles DDS","FNSMLSTS","FNSMLSTS"
"Andrew CunninghamNG","ANTRKNNKMNK","ANTRKNNKMNK"
"Farhan Gandhi","FRNKNT","FRNKNT"
"Harita Dey","HRTT","HRTT"
